date,trade_id,signal_kind,side,exit_reason,net_pnl,holding_seconds,eligible,killed,audit_bucket,crossed_entry_15s,hit_target_15s,post_exit_best_recovery,post_exit_final_delta_15s,burst_score
2026-04-22,20260422T092004|BFO:SENSEX2642379100PE|CONTINUATION_PUT|PUT,CONTINUATION_PUT,PUT,TARGET_HIT,1500.0,0.517687,False,False,not_eligible,True,True,3.1499999999999773,-5.949999999999932,4.0
2026-04-22,20260422T092504|BFO:SENSEX2642379000PE|CONTINUATION_PUT|PUT,CONTINUATION_PUT,PUT,TARGET_HIT,1500.0,-0.153945,False,False,not_eligible,True,True,9.050000000000011,9.000000000000057,4.0
2026-04-22,20260422T093002|BFO:SENSEX2642378900PE|CONTINUATION_PUT|PUT,CONTINUATION_PUT,PUT,TARGET_HIT,1500.0,0.598467,False,False,not_eligible,True,True,0.20000000000004547,-1.6000000000000227,4.0
2026-04-22,20260422T093501|BFO:SENSEX2642378600CE|CONTINUATION_CALL|CALL,CONTINUATION_CALL,CALL,TARGET_HIT,1500.0,1.099889,False,False,not_eligible,True,True,10.649999999999977,8.799999999999955,3.0
2026-04-22,20260422T094000|BFO:SENSEX2642378900PE|CONTINUATION_PUT|PUT,CONTINUATION_PUT,PUT,TARGET_HIT,3500.0,0.214071,False,False,not_eligible,True,True,15.350000000000023,4.850000000000023,5.0
2026-04-22,20260422T094525|BFO:SENSEX2642378900PE|CONTINUATION_PUT|PUT,CONTINUATION_PUT,PUT,TARGET_HIT,1500.0,-0.234681,False,False,not_eligible,True,True,3.3999999999999773,-6.350000000000023,3.0
2026-04-22,20260422T095508|BFO:SENSEX2642378800PE|CONTINUATION_PUT|PUT,CONTINUATION_PUT,PUT,TARGET_HIT,1500.0,2.745112,False,False,not_eligible,True,True,8.100000000000023,8.100000000000023,3.0
2026-04-22,20260422T100001|BFO:SENSEX2642378700PE|CONTINUATION_PUT|PUT,CONTINUATION_PUT,PUT,PROMOTED_FAIL_3S,4149.999999999977,4.157493,True,True,good_killed,True,True,11.150000000000091,11.150000000000091,5.0
2026-04-22,20260422T100516|BFO:SENSEX2642378700PE|CONTINUATION_PUT|PUT,CONTINUATION_PUT,PUT,EARLY_FAIL_3S,-325.0000000000455,4.940443,True,True,good_killed,True,True,16.350000000000023,16.350000000000023,3.0
2026-04-22,20260422T101015|BFO:SENSEX2642378400CE|REVERSAL_CALL|CALL,REVERSAL_CALL,CALL,EARLY_FAIL_3S,425.00000000001137,3.936525,True,True,good_killed,True,True,6.949999999999989,4.399999999999977,4.0
2026-04-22,20260422T101509|BFO:SENSEX2642378700PE|CONTINUATION_PUT|PUT,CONTINUATION_PUT,PUT,EARLY_FAIL_1S,-50.00000000001137,2.691218,False,False,not_eligible,True,False,2.6000000000000227,-13.449999999999932,3.0
2026-04-22,20260422T102022|BFO:SENSEX2642378700PE|REVERSAL_PUT|PUT,REVERSAL_PUT,PUT,EARLY_FAIL_1S,-100.00000000002274,1.965403,False,False,not_eligible,True,True,8.950000000000045,8.950000000000045,4.0
2026-04-22,20260422T102514|BFO:SENSEX2642378700PE|CONTINUATION_PUT|PUT,CONTINUATION_PUT,PUT,PROMOTED_FAIL_3S,125.0,5.361023,True,True,bad_killed,True,False,1.75,-3.75,5.0
2026-04-22,20260422T103520|BFO:SENSEX2642378400CE|CONTINUATION_CALL|CALL,CONTINUATION_CALL,CALL,EARLY_FAIL_1S,-1225.0000000000227,2.055891,False,False,not_eligible,False,False,2.0,-0.7999999999999545,4.0
2026-04-22,20260422T104005|BFO:SENSEX2642378400CE|CONTINUATION_CALL|CALL,CONTINUATION_CALL,CALL,EARLY_FAIL_1S,-1300.0000000000114,3.583946,True,False,bad_kept,False,False,2.6000000000000227,-5.399999999999977,3.0
2026-04-22,20260422T105006|BFO:SENSEX2642378500CE|CONTINUATION_CALL|CALL,CONTINUATION_CALL,CALL,TARGET_HIT,1500.0,1.720762,False,False,not_eligible,True,True,16.649999999999977,15.600000000000023,3.0
2026-04-22,20260422T110016|BFO:SENSEX2642378900PE|CONTINUATION_PUT|PUT,CONTINUATION_PUT,PUT,EARLY_FAIL_1S,-150.00000000000568,2.49641,False,False,not_eligible,True,False,3.25,3.25,3.0
2026-04-22,20260422T110529|BFO:SENSEX2642378900PE|CONTINUATION_PUT|PUT,CONTINUATION_PUT,PUT,EARLY_FAIL_3S,-375.0,4.805971,True,True,good_killed,True,True,6.75,3.849999999999966,3.0
2026-04-22,20260422T111016|BFO:SENSEX2642378900PE|CONTINUATION_PUT|PUT,CONTINUATION_PUT,PUT,TARGET_HIT,1500.0,2.661544,False,False,not_eligible,True,True,8.700000000000045,8.700000000000045,3.0
2026-04-22,20260422T113006|BFO:SENSEX2642378900PE|CONTINUATION_PUT|PUT,CONTINUATION_PUT,PUT,EARLY_FAIL_3S,0.0,4.086986,True,True,bad_killed,True,False,0.8000000000000114,0.05000000000001137,3.0
2026-04-22,20260422T114005|BFO:SENSEX2642378900PE|CONTINUATION_PUT|PUT,CONTINUATION_PUT,PUT,TARGET_HIT,1500.0,1.336929,False,False,not_eligible,True,True,0.19999999999998863,-7.699999999999989,3.0
2026-04-22,20260422T114501|BFO:SENSEX2642378800PE|CONTINUATION_PUT|PUT,CONTINUATION_PUT,PUT,TARGET_HIT,1500.0,0.876364,False,False,not_eligible,True,True,0.14999999999997726,-0.25,3.0
2026-04-22,20260422T115514|BFO:SENSEX2642378400CE|CONTINUATION_CALL|CALL,CONTINUATION_CALL,CALL,EDGE_HARD_STOP,-3199.9999999999886,3.428505,True,False,bad_kept,False,False,5.050000000000011,4.199999999999989,3.0
2026-04-22,20260422T120004|BFO:SENSEX2642378500CE|CONTINUATION_CALL|CALL,CONTINUATION_CALL,CALL,EARLY_FAIL_3S,599.9999999999943,4.157789,True,True,good_killed,True,True,6.400000000000034,1.400000000000034,3.0
2026-04-22,20260422T121002|BFO:SENSEX2642378800PE|CONTINUATION_PUT|PUT,CONTINUATION_PUT,PUT,EARLY_FAIL_3S,849.9999999999943,4.957954,True,True,good_killed,True,True,3.8999999999999773,0.30000000000001137,3.0
2026-04-22,20260422T121506|BFO:SENSEX2642378800PE|CONTINUATION_PUT|PUT,CONTINUATION_PUT,PUT,TARGET_HIT,1500.0,2.257116,False,False,not_eligible,True,True,1.25,0.19999999999998863,3.0
2026-04-22,20260422T122500|BFO:SENSEX2642378800PE|CONTINUATION_PUT|PUT,CONTINUATION_PUT,PUT,EARLY_FAIL_1S,-1500.0,1.966741,False,False,not_eligible,True,False,4.050000000000011,1.6000000000000227,3.0
2026-04-22,20260422T123016|BFO:SENSEX2642378400CE|CONTINUATION_CALL|CALL,CONTINUATION_CALL,CALL,TARGET_HIT,1500.0,0.922102,False,False,not_eligible,True,True,4.7000000000000455,4.7000000000000455,3.0
2026-04-22,20260422T124529|BFO:SENSEX2642378400CE|CONTINUATION_CALL|CALL,CONTINUATION_CALL,CALL,EDGE_HARD_STOP,-3474.9999999999945,35.280142,True,False,bad_kept,False,False,-1.6000000000000227,-5.899999999999977,3.0
2026-04-22,20260422T125012|BFO:SENSEX2642378800PE|CONTINUATION_PUT|PUT,CONTINUATION_PUT,PUT,EARLY_FAIL_1S,-1175.0000000000114,2.898959,False,False,not_eligible,False,False,0.5500000000000114,-6.350000000000023,3.0
2026-04-22,20260422T125511|BFO:SENSEX2642378400CE|CONTINUATION_CALL|CALL,CONTINUATION_CALL,CALL,TARGET_HIT,1500.0,3.101292,True,False,good_kept,True,True,7.2999999999999545,7.2999999999999545,3.0
2026-04-22,20260422T130514|BFO:SENSEX2642378500CE|REVERSAL_CALL|CALL,REVERSAL_CALL,CALL,PROMOTED_FAIL_3S,50.00000000001137,5.28127,True,True,bad_killed,True,False,2.6499999999999773,-4.900000000000034,5.0
2026-04-22,20260422T132009|BFO:SENSEX2642378800PE|CONTINUATION_PUT|PUT,CONTINUATION_PUT,PUT,EARLY_FAIL_1S,-850.0000000000227,2.317306,False,False,not_eligible,True,True,16.950000000000045,5.900000000000034,3.0
2026-04-22,20260422T132508|BFO:SENSEX2642378700PE|CONTINUATION_PUT|PUT,CONTINUATION_PUT,PUT,EARLY_FAIL_1S,-924.999999999983,2.911344,False,False,not_eligible,False,False,-2.5500000000000114,-16.150000000000034,3.0
2026-04-22,20260422T133006|BFO:SENSEX2642378400CE|CONTINUATION_CALL|CALL,CONTINUATION_CALL,CALL,EARLY_FAIL_3S,875.0,3.929565,True,True,bad_killed,True,False,-0.5499999999999545,-3.0499999999999545,4.0
2026-04-22,20260422T133512|BFO:SENSEX2642378500CE|CONTINUATION_CALL|CALL,CONTINUATION_CALL,CALL,EARLY_FAIL_3S,-699.9999999999886,4.388436,True,True,bad_killed,True,False,2.0499999999999545,-2.0500000000000114,4.0
2026-04-22,20260422T134001|BFO:SENSEX2642378800PE|CONTINUATION_PUT|PUT,CONTINUATION_PUT,PUT,EARLY_FAIL_1S,-1375.0,2.617619,False,False,not_eligible,True,False,3.4499999999999886,-3.5,4.0
2026-04-22,20260422T134511|BFO:SENSEX2642378500CE|CONTINUATION_CALL|CALL,CONTINUATION_CALL,CALL,EARLY_FAIL_1S,-1324.9999999999886,2.848149,False,False,not_eligible,True,False,4.050000000000011,-0.10000000000002274,4.0
2026-04-22,20260422T135002|BFO:SENSEX2642378500CE|CONTINUATION_CALL|CALL,CONTINUATION_CALL,CALL,EARLY_FAIL_1S,-599.9999999999943,2.163095,False,False,not_eligible,True,False,1.6499999999999773,-4.25,4.0
2026-04-22,20260422T135521|BFO:SENSEX2642378500CE|REVERSAL_CALL|CALL,REVERSAL_CALL,CALL,EARLY_FAIL_3S,-975.0000000000227,4.469865,True,True,bad_killed,True,False,3.650000000000034,3.650000000000034,4.0
2026-04-22,20260422T140007|BFO:SENSEX2642378500CE|CONTINUATION_CALL|CALL,CONTINUATION_CALL,CALL,EARLY_FAIL_1S,-375.0,2.569432,False,False,not_eligible,True,True,16.75,15.050000000000011,3.0
2026-04-22,20260422T141004|BFO:SENSEX2642378800PE|REVERSAL_PUT|PUT,REVERSAL_PUT,PUT,EARLY_FAIL_1S,-450.00000000001705,2.540017,False,False,not_eligible,True,True,19.05000000000001,19.05000000000001,4.0
2026-04-22,20260422T142507|BFO:SENSEX2642378400CE|CONTINUATION_CALL|CALL,CONTINUATION_CALL,CALL,EARLY_FAIL_3S,325.00000000001705,5.661638,True,True,good_killed,True,True,5.949999999999989,5.099999999999966,3.0
2026-04-22,20260422T144000|BFO:SENSEX2642378400CE|CONTINUATION_CALL|CALL,CONTINUATION_CALL,CALL,TARGET_HIT,1500.0,-0.505956,False,False,not_eligible,True,True,2.75,-2.3000000000000114,4.0
2026-04-22,20260422T144516|BFO:SENSEX2642378800PE|CONTINUATION_PUT|PUT,CONTINUATION_PUT,PUT,TARGET_HIT,1500.0,1.124974,False,False,not_eligible,True,True,3.4500000000000455,-1.0,4.0
2026-04-22,20260422T145002|BFO:SENSEX2642378800PE|CONTINUATION_PUT|PUT,CONTINUATION_PUT,PUT,EARLY_FAIL_1S,-974.9999999999943,3.1005,True,False,bad_kept,True,False,4.949999999999989,0.14999999999997726,5.0
2026-04-23,20260423T092006|BFO:SENSEX2642378100PE|CONTINUATION_PUT|PUT,CONTINUATION_PUT,PUT,TARGET_HIT,1500.0,1.850938,False,False,not_eligible,True,True,5.949999999999989,0.6500000000000341,4.0
2026-04-23,20260423T092506|BFO:SENSEX2642377700CE|CONTINUATION_CALL|CALL,CONTINUATION_CALL,CALL,TARGET_HIT,1500.0,-0.265793,False,False,not_eligible,True,True,4.75,-1.599999999999966,3.0
2026-04-23,20260423T093001|BFO:SENSEX2642377800CE|CONTINUATION_CALL|CALL,CONTINUATION_CALL,CALL,EDGE_HARD_STOP,-3275.0000000000055,0.947703,False,False,not_eligible,False,False,-2.5500000000000114,-19.55000000000001,4.0
2026-04-23,20260423T093501|BFO:SENSEX2642378100PE|CONTINUATION_PUT|PUT,CONTINUATION_PUT,PUT,EDGE_HARD_STOP,-3349.9999999999945,1.909266,False,False,not_eligible,False,False,0.9499999999999886,-0.05000000000001137,4.0
2026-04-23,20260423T094007|BFO:SENSEX2642378100PE|CONTINUATION_PUT|PUT,CONTINUATION_PUT,PUT,EARLY_FAIL_3S,-950.000000000017,4.914902,True,True,good_killed,True,True,17.0,17.0,4.0
2026-04-23,20260423T095004|BFO:SENSEX2642377900CE|CONTINUATION_CALL|CALL,CONTINUATION_CALL,CALL,TARGET_HIT,1500.0,2.429513,False,False,not_eligible,True,True,16.80000000000001,6.75,3.0
2026-04-23,20260423T095504|BFO:SENSEX2642377900CE|CONTINUATION_CALL|CALL,CONTINUATION_CALL,CALL,EARLY_FAIL_1S,-1375.0,2.426424,False,False,not_eligible,True,False,4.449999999999989,-2.599999999999966,5.0
2026-04-23,20260423T100008|BFO:SENSEX2642377900CE|CONTINUATION_CALL|CALL,CONTINUATION_CALL,CALL,TARGET_HIT,1500.0,1.796348,False,False,not_eligible,True,True,2.1999999999999886,1.3000000000000114,4.0
2026-04-23,20260423T100520|BFO:SENSEX2642378000CE|CONTINUATION_CALL|CALL,CONTINUATION_CALL,CALL,TARGET_HIT,1500.0,0.795005,False,False,not_eligible,True,True,6.050000000000011,-21.25,4.0
2026-04-23,20260423T101001|BFO:SENSEX2642378300PE|CONTINUATION_PUT|PUT,CONTINUATION_PUT,PUT,EARLY_FAIL_1S,-924.999999999983,2.575424,False,False,not_eligible,True,True,16.30000000000001,14.649999999999977,4.0
2026-04-23,20260423T102022|BFO:SENSEX2642377900CE|CONTINUATION_CALL|CALL,CONTINUATION_CALL,CALL,EARLY_FAIL_3S,-350.00000000002274,4.130952,True,True,bad_killed,False,False,-2.099999999999966,-19.19999999999999,4.0
2026-04-23,20260423T102500|BFO:SENSEX2642378200PE|CONTINUATION_PUT|PUT,CONTINUATION_PUT,PUT,EARLY_FAIL_3S,0.0,4.843239,True,True,good_killed,True,True,10.300000000000011,10.300000000000011,4.0
2026-04-23,20260423T103014|BFO:SENSEX2642378200PE|CONTINUATION_PUT|PUT,CONTINUATION_PUT,PUT,TARGET_HIT,1500.0,2.288285,False,False,not_eligible,True,True,15.850000000000023,10.650000000000034,4.0
2026-04-23,20260423T103530|BFO:SENSEX2642378100PE|CONTINUATION_PUT|PUT,CONTINUATION_PUT,PUT,TARGET_HIT,1500.0,1.96581,False,False,not_eligible,True,True,11.149999999999977,7.649999999999977,4.0
2026-04-23,20260423T105017|BFO:SENSEX2642378000PE|CONTINUATION_PUT|PUT,CONTINUATION_PUT,PUT,EARLY_FAIL_1S,-925.0000000000114,2.593303,False,False,not_eligible,False,False,0.19999999999998863,-3.75,3.0
2026-04-23,20260423T105510|BFO:SENSEX2642378000PE|REVERSAL_PUT|PUT,REVERSAL_PUT,PUT,EARLY_FAIL_1S,-525.0000000000057,2.405587,False,False,not_eligible,False,False,-2.4499999999999886,-10.900000000000034,5.0
2026-04-23,20260423T110500|BFO:SENSEX2642377700CE|CONTINUATION_CALL|CALL,CONTINUATION_CALL,CALL,EARLY_FAIL_1S,-775.0000000000057,2.973029,False,False,not_eligible,True,True,4.75,0.20000000000001705,4.0
2026-04-23,20260423T111009|BFO:SENSEX2642378000PE|CONTINUATION_PUT|PUT,CONTINUATION_PUT,PUT,EARLY_FAIL_1S,-1000.0,3.234213,True,False,bad_kept,True,False,2.5500000000000114,-7.5,3.0
2026-04-23,20260423T112503|BFO:SENSEX2642377600CE|REVERSAL_CALL|CALL,REVERSAL_CALL,CALL,EARLY_FAIL_1S,-399.9999999999915,2.458937,False,False,not_eligible,False,False,0.799999999999983,-0.45000000000001705,4.0
2026-04-23,20260423T113522|BFO:SENSEX2642378000PE|CONTINUATION_PUT|PUT,CONTINUATION_PUT,PUT,PROMOTED_FAIL_3S,1800.0000000000114,3.845878,True,True,good_killed,True,True,11.949999999999989,10.649999999999977,5.0
2026-04-23,20260423T114004|BFO:SENSEX2642378000PE|REVERSAL_PUT|PUT,REVERSAL_PUT,PUT,TARGET_HIT,1500.0,3.705802,True,False,good_kept,True,True,2.3000000000000114,2.3000000000000114,4.0
2026-04-23,20260423T114505|BFO:SENSEX2642377900PE|CONTINUATION_PUT|PUT,CONTINUATION_PUT,PUT,EDGE_HARD_STOP,-4750.0,10.643326,True,False,bad_kept,False,False,-0.700000000000017,-11.5,3.0
2026-04-23,20260423T120017|BFO:SENSEX2642378000PE|CONTINUATION_PUT|PUT,CONTINUATION_PUT,PUT,TARGET_HIT,1500.0,-0.433674,False,False,not_eligible,True,True,4.5499999999999545,-0.6500000000000341,3.0
2026-04-23,20260423T120512|BFO:SENSEX2642378000PE|CONTINUATION_PUT|PUT,CONTINUATION_PUT,PUT,PROMOTED_FAIL_3S,1150.0000000000057,4.434571,True,True,bad_killed,True,False,-1.4500000000000455,-8.800000000000011,6.0
2026-04-23,20260423T121519|BFO:SENSEX2642377700CE|CONTINUATION_CALL|CALL,CONTINUATION_CALL,CALL,EARLY_FAIL_1S,-174.99999999999716,3.189161,True,False,bad_kept,True,False,4.449999999999989,-0.4000000000000057,5.0
2026-04-23,20260423T122023|BFO:SENSEX2642378000PE|CONTINUATION_PUT|PUT,CONTINUATION_PUT,PUT,EDGE_HARD_STOP,-3000.0,19.936203,True,False,bad_kept,True,False,7.300000000000011,6.25,4.0
2026-04-23,20260423T122504|BFO:SENSEX2642378000PE|REVERSAL_PUT|PUT,REVERSAL_PUT,PUT,EARLY_FAIL_1S,-1799.9999999999973,3.016278,True,False,bad_kept,True,False,5.199999999999989,5.199999999999989,4.0
2026-04-23,20260423T123002|BFO:SENSEX2642377900PE|CONTINUATION_PUT|PUT,CONTINUATION_PUT,PUT,EDGE_HARD_STOP,-4000.0,8.535955,True,False,bad_kept,False,False,6.300000000000011,6.300000000000011,3.0
2026-04-23,20260423T123508|BFO:SENSEX2642377500CE|REVERSAL_CALL|CALL,REVERSAL_CALL,CALL,EARLY_FAIL_1S,-475.0000000000085,3.129458,True,False,bad_kept,False,False,0.8500000000000227,-0.6999999999999886,4.0
2026-04-23,20260423T124002|BFO:SENSEX2642377600CE|CONTINUATION_CALL|CALL,CONTINUATION_CALL,CALL,EARLY_FAIL_3S,500.0,4.539614,True,True,good_killed,True,True,5.300000000000011,2.75,3.0
2026-04-23,20260423T124502|BFO:SENSEX2642377600CE|CONTINUATION_CALL|CALL,CONTINUATION_CALL,CALL,EARLY_FAIL_3S,-2924.9999999999973,4.640563,True,True,bad_killed,False,False,2.0,-12.800000000000011,3.0
2026-04-23,20260423T125024|BFO:SENSEX2642377900PE|CONTINUATION_PUT|PUT,CONTINUATION_PUT,PUT,EARLY_FAIL_3S,-1475.0000000000086,4.419917,True,True,bad_killed,True,False,3.950000000000017,3.75,3.0
2026-04-23,20260423T125510|BFO:SENSEX2642377600CE|CONTINUATION_CALL|CALL,CONTINUATION_CALL,CALL,TARGET_HIT,1500.0,2.49843,False,False,not_eligible,True,True,1.1999999999999886,-4.25,4.0
2026-04-23,20260423T130515|BFO:SENSEX2642378000PE|CONTINUATION_PUT|PUT,CONTINUATION_PUT,PUT,TARGET_HIT,1500.0,1.779491,False,False,not_eligible,True,True,2.950000000000017,-0.799999999999983,4.0
2026-04-23,20260423T131019|BFO:SENSEX2642377600CE|CONTINUATION_CALL|CALL,CONTINUATION_CALL,CALL,EARLY_FAIL_1S,-1550.0000000000114,2.156577,False,False,not_eligible,False,False,-0.0999999999999659,-13.599999999999966,4.0
2026-04-23,20260423T131511|BFO:SENSEX2642377600CE|CONTINUATION_CALL|CALL,CONTINUATION_CALL,CALL,TARGET_HIT,1500.0,3.634107,True,False,good_kept,True,True,4.25,1.0,3.0
2026-04-23,20260423T132002|BFO:SENSEX2642377700CE|CONTINUATION_CALL|CALL,CONTINUATION_CALL,CALL,EDGE_HARD_STOP,-3349.9999999999945,0.912947,False,False,not_eligible,True,False,6.900000000000034,0.4000000000000341,4.0
2026-04-23,20260423T132511|BFO:SENSEX2642377800CE|CONTINUATION_CALL|CALL,CONTINUATION_CALL,CALL,TARGET_HIT,1500.0,1.632569,False,False,not_eligible,True,True,12.399999999999977,2.25,3.0
2026-04-23,20260423T133011|BFO:SENSEX2642378200PE|REVERSAL_PUT|PUT,REVERSAL_PUT,PUT,TARGET_HIT,3500.0,3.807542,True,False,good_kept,True,True,15.25,14.700000000000017,5.0
2026-04-23,20260423T133502|BFO:SENSEX2642378100PE|CONTINUATION_PUT|PUT,CONTINUATION_PUT,PUT,TARGET_HIT,1500.0,2.42065,False,False,not_eligible,True,True,7.149999999999977,2.6999999999999886,4.0
2026-04-23,20260423T134519|BFO:SENSEX2642378000PE|CONTINUATION_PUT|PUT,CONTINUATION_PUT,PUT,EARLY_FAIL_1S,-2450.0000000000027,2.310837,False,False,not_eligible,False,False,1.950000000000017,-2.6999999999999886,3.0
2026-04-23,20260423T135014|BFO:SENSEX2642377600CE|CONTINUATION_CALL|CALL,CONTINUATION_CALL,CALL,EARLY_FAIL_1S,-875.0,3.077774,True,False,bad_kept,True,False,3.75,3.75,4.0
2026-04-23,20260423T135501|BFO:SENSEX2642377700CE|CONTINUATION_CALL|CALL,CONTINUATION_CALL,CALL,EARLY_FAIL_1S,-1125.0,2.529084,False,False,not_eligible,True,True,11.049999999999983,2.4000000000000057,5.0
2026-04-23,20260423T140012|BFO:SENSEX2642377700CE|CONTINUATION_CALL|CALL,CONTINUATION_CALL,CALL,TARGET_HIT,1500.0,5.417556,True,False,good_kept,True,True,1.3000000000000114,-26.75,4.0
2026-04-23,20260423T140506|BFO:SENSEX2642378100PE|CONTINUATION_PUT|PUT,CONTINUATION_PUT,PUT,TARGET_HIT,1500.0,1.12304,False,False,not_eligible,True,True,3.75,-4.649999999999977,4.0
2026-04-23,20260423T141001|BFO:SENSEX2642378000PE|CONTINUATION_PUT|PUT,CONTINUATION_PUT,PUT,EARLY_FAIL_3S,-1325.0000000000027,4.964621,True,True,good_killed,True,True,19.650000000000006,18.75,4.0
2026-04-23,20260423T141512|BFO:SENSEX2642378000PE|CONTINUATION_PUT|PUT,CONTINUATION_PUT,PUT,EDGE_HARD_STOP,-3325.0000000000027,1.440977,False,False,not_eligible,False,False,1.75,-6.599999999999994,3.0
2026-04-23,20260423T142001|BFO:SENSEX2642377600CE|REVERSAL_CALL|CALL,REVERSAL_CALL,CALL,EARLY_FAIL_1S,-725.0000000000085,2.919207,False,False,not_eligible,False,False,-0.5999999999999943,-6.400000000000006,3.0
2026-04-23,20260423T142501|BFO:SENSEX2642378000PE|CONTINUATION_PUT|PUT,CONTINUATION_PUT,PUT,TARGET_HIT,1500.0,1.101598,False,False,not_eligible,True,True,7.449999999999989,-8.450000000000045,4.0
2026-04-23,20260423T143014|BFO:SENSEX2642377900PE|CONTINUATION_PUT|PUT,CONTINUATION_PUT,PUT,EDGE_HARD_STOP,-3750.0,5.143215,True,False,bad_kept,False,False,7.300000000000011,-16.099999999999994,4.0
2026-04-23,20260423T143517|BFO:SENSEX2642377900PE|CONTINUATION_PUT|PUT,CONTINUATION_PUT,PUT,EARLY_FAIL_1S,-1500.0,1.926203,False,False,not_eligible,True,True,15.499999999999972,15.200000000000017,3.0
2026-04-23,20260423T144018|BFO:SENSEX2642377900PE|REVERSAL_PUT|PUT,REVERSAL_PUT,PUT,PROMOTED_FAIL_3S,-799.9999999999972,5.131264,True,True,bad_killed,False,False,-1.1500000000000057,-12.5,5.0
2026-04-23,20260423T144507|BFO:SENSEX2642377800PE|CONTINUATION_PUT|PUT,CONTINUATION_PUT,PUT,EARLY_FAIL_1S,-774.9999999999915,3.212737,True,False,bad_kept,True,True,7.049999999999983,-1.1500000000000057,4.0
2026-04-23,20260423T145009|BFO:SENSEX2642377500CE|CONTINUATION_CALL|CALL,CONTINUATION_CALL,CALL,EARLY_FAIL_1S,-424.99999999999716,2.647054,False,False,not_eligible,True,True,8.949999999999989,8.949999999999989,4.0
2026-04-24,20260424T092003|BFO:SENSEX26APR77700PE|CONTINUATION_PUT|PUT,CONTINUATION_PUT,PUT,TARGET_HIT,1500.0,3.909725,True,False,good_kept,True,True,7.2000000000000455,4.550000000000068,3.0
2026-04-24,20260424T092502|BFO:SENSEX26APR77500PE|CONTINUATION_PUT|PUT,CONTINUATION_PUT,PUT,PROMOTED_FAIL_3S,1199.9999999999886,4.245016,True,True,good_killed,True,True,16.100000000000023,9.75,5.0
2026-04-24,20260424T093001|BFO:SENSEX26APR77400PE|CONTINUATION_PUT|PUT,CONTINUATION_PUT,PUT,TARGET_HIT,3500.0,0.713162,False,False,not_eligible,True,True,11.350000000000023,10.950000000000045,5.0
2026-04-24,20260424T093511|BFO:SENSEX26APR77300PE|CONTINUATION_PUT|PUT,CONTINUATION_PUT,PUT,EARLY_FAIL_3S,-1775.000000000034,4.54907,True,True,bad_killed,True,False,5.850000000000023,-16.549999999999955,3.0
2026-04-24,20260424T094008|BFO:SENSEX26APR77200PE|CONTINUATION_PUT|PUT,CONTINUATION_PUT,PUT,EARLY_FAIL_1S,-1125.0,2.14898,False,False,not_eligible,True,False,4.199999999999932,-16.0,4.0
2026-04-24,20260424T094507|BFO:SENSEX26APR77200PE|CONTINUATION_PUT|PUT,CONTINUATION_PUT,PUT,EARLY_FAIL_1S,-1524.9999999999773,2.428382,False,False,not_eligible,True,True,6.599999999999909,-4.900000000000091,3.0
2026-04-24,20260424T095028|BFO:SENSEX26APR77100PE|CONTINUATION_PUT|PUT,CONTINUATION_PUT,PUT,TARGET_HIT,1500.0,0.463082,False,False,not_eligible,True,True,18.600000000000023,13.899999999999977,4.0
2026-04-24,20260424T095502|BFO:SENSEX26APR77100PE|CONTINUATION_PUT|PUT,CONTINUATION_PUT,PUT,TARGET_HIT,3500.0,3.496736,True,False,good_kept,True,True,15.649999999999977,6.949999999999932,5.0
2026-04-24,20260424T100020|BFO:SENSEX26APR76700CE|REVERSAL_CALL|CALL,REVERSAL_CALL,CALL,TARGET_HIT,1500.0,1.735983,False,False,not_eligible,True,True,2.0,-1.3999999999999773,4.0
2026-04-24,20260424T100521|BFO:SENSEX26APR76800CE|CONTINUATION_CALL|CALL,CONTINUATION_CALL,CALL,TARGET_HIT,1500.0,-0.582904,False,False,not_eligible,True,True,3.5,3.5,3.0
2026-04-24,20260424T101011|BFO:SENSEX26APR77200PE|CONTINUATION_PUT|PUT,CONTINUATION_PUT,PUT,TARGET_HIT,1500.0,0.730401,False,False,not_eligible,True,True,1.25,-5.7999999999999545,3.0
2026-04-24,20260424T101516|BFO:SENSEX26APR77200PE|REVERSAL_PUT|PUT,REVERSAL_PUT,PUT,EDGE_HARD_STOP,-3150.000000000034,7.756352,True,False,bad_kept,True,False,7.550000000000068,3.900000000000091,4.0
2026-04-24,20260424T102013|BFO:SENSEX26APR77100PE|CONTINUATION_PUT|PUT,CONTINUATION_PUT,PUT,TARGET_HIT,1500.0,-0.257248,False,False,not_eligible,True,True,8.399999999999977,5.649999999999977,3.0
2026-04-24,20260424T102502|BFO:SENSEX26APR77100PE|CONTINUATION_PUT|PUT,CONTINUATION_PUT,PUT,TARGET_HIT,1500.0,3.16955,True,False,good_kept,True,True,7.5499999999999545,-2.800000000000068,4.0
2026-04-24,20260424T103037|BFO:SENSEX26APR76700CE|CONTINUATION_CALL|CALL,CONTINUATION_CALL,CALL,EARLY_FAIL_1S,-2449.9999999999886,5.412255,True,False,bad_kept,True,False,10.550000000000068,9.149999999999977,5.0
2026-04-24,20260424T103511|BFO:SENSEX26APR76700CE|CONTINUATION_CALL|CALL,CONTINUATION_CALL,CALL,TARGET_HIT,1500.0,2.44928,False,False,not_eligible,True,True,2.0499999999999545,1.3999999999999773,3.0
2026-04-24,20260424T104015|BFO:SENSEX26APR77100PE|CONTINUATION_PUT|PUT,CONTINUATION_PUT,PUT,EARLY_FAIL_1S,-2725.0000000000227,7.947369,True,False,bad_kept,False,False,-0.39999999999997726,-6.100000000000023,4.0
2026-04-24,20260424T105515|BFO:SENSEX26APR76700CE|CONTINUATION_CALL|CALL,CONTINUATION_CALL,CALL,PROMOTED_FAIL_3S,900.0000000000341,4.869541,True,True,bad_killed,True,False,0.0,-3.300000000000068,5.0
2026-04-24,20260424T110020|BFO:SENSEX26APR77000PE|CONTINUATION_PUT|PUT,CONTINUATION_PUT,PUT,EARLY_FAIL_1S,-1774.9999999999773,2.687369,False,False,not_eligible,True,False,6.25,5.949999999999932,3.0
2026-04-24,20260424T110507|BFO:SENSEX26APR77000PE|CONTINUATION_PUT|PUT,CONTINUATION_PUT,PUT,EARLY_FAIL_1S,-1000.0,2.894135,False,False,not_eligible,False,False,-0.049999999999954525,-12.5,4.0
2026-04-24,20260424T111014|BFO:SENSEX26APR76600CE|CONTINUATION_CALL|CALL,CONTINUATION_CALL,CALL,EARLY_FAIL_1S,-1024.9999999999773,9.06751,True,False,bad_kept,True,False,3.5499999999999545,3.5499999999999545,4.0
2026-04-24,20260424T111505|BFO:SENSEX26APR77000PE|CONTINUATION_PUT|PUT,CONTINUATION_PUT,PUT,EARLY_FAIL_1S,-399.99999999997726,2.431204,False,False,not_eligible,True,True,4.649999999999977,2.5499999999999545,3.0
2026-04-24,20260424T112020|BFO:SENSEX26APR76600CE|CONTINUATION_CALL|CALL,CONTINUATION_CALL,CALL,EARLY_FAIL_1S,-950.0000000000455,3.168237,True,False,bad_kept,True,True,9.350000000000023,5.800000000000068,5.0
2026-04-24,20260424T112518|BFO:SENSEX26APR76600CE|CONTINUATION_CALL|CALL,CONTINUATION_CALL,CALL,EARLY_FAIL_3S,849.9999999999659,4.973891,True,True,good_killed,True,True,12.700000000000045,8.650000000000091,4.0
2026-04-24,20260424T113016|BFO:SENSEX26APR77000PE|REVERSAL_PUT|PUT,REVERSAL_PUT,PUT,EARLY_FAIL_3S,-1274.9999999999773,4.234884,True,True,bad_killed,False,False,-4.0,-5.75,3.0
2026-04-24,20260424T114023|BFO:SENSEX26APR77000PE|CONTINUATION_PUT|PUT,CONTINUATION_PUT,PUT,EARLY_FAIL_1S,0.0,1.921523,False,False,not_eligible,True,True,7.0,7.0,4.0
2026-04-24,20260424T114506|BFO:SENSEX26APR77000PE|CONTINUATION_PUT|PUT,CONTINUATION_PUT,PUT,EARLY_FAIL_1S,0.0,4.021862,True,False,bad_kept,True,True,7.350000000000023,7.350000000000023,5.0
2026-04-24,20260424T115003|BFO:SENSEX26APR76900PE|CONTINUATION_PUT|PUT,CONTINUATION_PUT,PUT,TARGET_HIT,1500.0,2.420654,False,False,not_eligible,True,True,10.25,9.949999999999932,3.0
2026-04-24,20260424T120008|BFO:SENSEX26APR76500CE|CONTINUATION_CALL|CALL,CONTINUATION_CALL,CALL,EARLY_FAIL_1S,-875.0,11.849057,True,False,bad_kept,False,False,0.0,-0.5,4.0
2026-04-24,20260424T120518|BFO:SENSEX26APR76500CE|CONTINUATION_CALL|CALL,CONTINUATION_CALL,CALL,EDGE_HARD_STOP,-3649.9999999999773,97.004082,True,False,bad_kept,False,False,0.5,-1.0500000000000682,4.0
2026-04-24,20260424T121013|BFO:SENSEX26APR76600CE|CONTINUATION_CALL|CALL,CONTINUATION_CALL,CALL,EARLY_FAIL_1S,-1250.0,3.191648,True,False,bad_kept,True,False,3.8999999999999773,3.8999999999999773,4.0
2026-04-24,20260424T122010|BFO:SENSEX26APR77000PE|CONTINUATION_PUT|PUT,CONTINUATION_PUT,PUT,EARLY_FAIL_1S,-600.0000000000227,2.67973,False,False,not_eligible,True,True,9.550000000000068,8.550000000000068,4.0
2026-04-24,20260424T122504|BFO:SENSEX26APR76900PE|CONTINUATION_PUT|PUT,CONTINUATION_PUT,PUT,TARGET_HIT,1500.0,1.965292,False,False,not_eligible,True,True,7.850000000000023,7.850000000000023,3.0
2026-04-24,20260424T123001|BFO:SENSEX26APR76800PE|CONTINUATION_PUT|PUT,CONTINUATION_PUT,PUT,TARGET_HIT,1500.0,0.457729,False,False,not_eligible,True,True,0.5500000000000682,-8.199999999999932,4.0
2026-04-24,20260424T123507|BFO:SENSEX26APR76500CE|CONTINUATION_CALL|CALL,CONTINUATION_CALL,CALL,EARLY_FAIL_1S,-1250.0,4.237874,True,False,bad_kept,False,False,2.5,2.5,3.0
2026-04-24,20260424T124025|BFO:SENSEX26APR76900PE|CONTINUATION_PUT|PUT,CONTINUATION_PUT,PUT,PROMOTED_FAIL_3S,250.0,5.254699,True,True,bad_killed,True,False,5.100000000000023,5.100000000000023,5.0
2026-04-24,20260424T124500|BFO:SENSEX26APR76800PE|CONTINUATION_PUT|PUT,CONTINUATION_PUT,PUT,PROMOTED_FAIL_3S,-75.00000000004547,4.826087,True,True,bad_killed,False,False,-1.6999999999999318,-5.2999999999999545,5.0
2026-04-24,20260424T125037|BFO:SENSEX26APR76500CE|CONTINUATION_CALL|CALL,CONTINUATION_CALL,CALL,TARGET_HIT,1500.0,3.260418,True,False,good_kept,True,True,7.050000000000068,4.350000000000023,4.0
2026-04-24,20260424T125511|BFO:SENSEX26APR76500CE|CONTINUATION_CALL|CALL,CONTINUATION_CALL,CALL,PROMOTED_FAIL_3S,-649.9999999999773,6.184645,True,True,bad_killed,False,False,0.0,-2.6000000000000227,5.0
2026-04-24,20260424T130019|BFO:SENSEX26APR76900PE|CONTINUATION_PUT|PUT,CONTINUATION_PUT,PUT,TARGET_HIT,1500.0,3.291475,True,False,good_kept,True,True,8.600000000000023,0.5500000000000682,3.0
2026-04-24,20260424T131004|BFO:SENSEX26APR76800PE|CONTINUATION_PUT|PUT,CONTINUATION_PUT,PUT,EARLY_FAIL_1S,-524.9999999999773,1.75534,False,False,not_eligible,True,True,7.0,7.0,4.0
2026-04-24,20260424T131522|BFO:SENSEX26APR76700PE|CONTINUATION_PUT|PUT,CONTINUATION_PUT,PUT,EARLY_FAIL_1S,-625.0,2.703332,False,False,not_eligible,True,True,9.049999999999955,3.349999999999909,3.0
2026-04-24,20260424T132002|BFO:SENSEX26APR76400CE|CONTINUATION_CALL|CALL,CONTINUATION_CALL,CALL,TARGET_HIT,1500.0,4.075777,True,False,good_kept,True,True,3.25,-3.4500000000000455,3.0
2026-04-24,20260424T134501|BFO:SENSEX26APR76700PE|CONTINUATION_PUT|PUT,CONTINUATION_PUT,PUT,EDGE_HARD_STOP,-3049.9999999999545,2.471631,False,False,not_eligible,False,False,-6.7000000000000455,-18.75,3.0
2026-04-24,20260424T135525|BFO:SENSEX26APR76700PE|CONTINUATION_PUT|PUT,CONTINUATION_PUT,PUT,TARGET_HIT,1500.0,4.065877,True,False,good_kept,True,True,3.5499999999999545,2.449999999999932,4.0
2026-04-24,20260424T140515|BFO:SENSEX26APR76700PE|CONTINUATION_PUT|PUT,CONTINUATION_PUT,PUT,TARGET_HIT,1500.0,8.321114,True,False,good_kept,True,True,3.699999999999932,-2.1000000000000227,4.0
2026-04-24,20260424T141008|BFO:SENSEX26APR76700PE|CONTINUATION_PUT|PUT,CONTINUATION_PUT,PUT,EARLY_FAIL_3S,-175.00000000001137,5.366544,True,True,bad_killed,False,False,0.0,-5.5,3.0
2026-04-24,20260424T141506|BFO:SENSEX26APR76300CE|CONTINUATION_CALL|CALL,CONTINUATION_CALL,CALL,EARLY_FAIL_3S,24.999999999977263,4.618069,True,True,good_killed,True,True,8.850000000000023,2.3500000000000227,3.0
2026-04-24,20260424T142018|BFO:SENSEX26APR76300CE|CONTINUATION_CALL|CALL,CONTINUATION_CALL,CALL,EARLY_FAIL_1S,-2225.0000000000227,4.985223,True,False,bad_kept,False,False,4.4500000000000455,0.75,3.0
2026-04-24,20260424T143026|BFO:SENSEX26APR76400CE|CONTINUATION_CALL|CALL,CONTINUATION_CALL,CALL,TARGET_HIT,3500.0,1.636865,False,False,not_eligible,True,True,35.75,21.149999999999977,5.0
2026-04-24,20260424T143503|BFO:SENSEX26APR76500CE|CONTINUATION_CALL|CALL,CONTINUATION_CALL,CALL,EARLY_FAIL_1S,-725.0000000000227,1.787612,False,False,not_eligible,True,True,9.700000000000045,5.899999999999977,4.0
2026-04-24,20260424T145010|BFO:SENSEX26APR76900PE|CONTINUATION_PUT|PUT,CONTINUATION_PUT,PUT,TARGET_HIT,1500.0,3.578353,True,False,good_kept,True,True,10.399999999999977,8.099999999999909,3.0
2026-04-27,20260427T092002|BFO:SENSEX26APR76900CE|CONTINUATION_CALL|CALL,CONTINUATION_CALL,CALL,TARGET_HIT,1500.0,4.213443,True,False,good_kept,True,True,2.900000000000091,-6.099999999999909,4.0
2026-04-27,20260427T092523|BFO:SENSEX26APR77000CE|CONTINUATION_CALL|CALL,CONTINUATION_CALL,CALL,TARGET_HIT,1500.0,0.796693,False,False,not_eligible,True,True,5.0,-8.599999999999909,3.0
2026-04-27,20260427T093010|BFO:SENSEX26APR76900CE|REVERSAL_CALL|CALL,REVERSAL_CALL,CALL,EARLY_FAIL_3S,174.99999999995453,6.180077,True,True,bad_killed,True,False,2.5,-10.049999999999955,3.0
2026-04-27,20260427T093501|BFO:SENSEX26APR77200PE|CONTINUATION_PUT|PUT,CONTINUATION_PUT,PUT,EARLY_FAIL_1S,-449.99999999998863,2.181116,False,False,not_eligible,False,False,-5.850000000000023,-11.050000000000068,3.0
2026-04-27,20260427T094017|BFO:SENSEX26APR76800CE|REVERSAL_CALL|CALL,REVERSAL_CALL,CALL,EARLY_FAIL_3S,-599.9999999999659,5.265921,True,True,good_killed,True,True,11.5,11.5,3.0
2026-04-27,20260427T094505|BFO:SENSEX26APR76900CE|CONTINUATION_CALL|CALL,CONTINUATION_CALL,CALL,EARLY_FAIL_1S,-1325.0000000000455,2.934515,False,False,not_eligible,False,False,2.25,2.0,4.0
2026-04-27,20260427T095034|BFO:SENSEX26APR77100CE|CONTINUATION_CALL|CALL,CONTINUATION_CALL,CALL,EARLY_FAIL_3S,-774.9999999999773,4.51991,True,True,good_killed,True,True,8.75,7.2999999999999545,4.0
2026-04-27,20260427T095506|BFO:SENSEX26APR77100CE|CONTINUATION_CALL|CALL,CONTINUATION_CALL,CALL,PROMOTED_FAIL_3S,-1725.0000000000227,4.779665,True,True,bad_killed,True,False,4.0499999999999545,-0.5,5.0
2026-04-27,20260427T100033|BFO:SENSEX26APR77500PE|REVERSAL_PUT|PUT,REVERSAL_PUT,PUT,EARLY_FAIL_1S,0.0,3.012167,True,False,bad_kept,True,True,4.0,-2.0,4.0
2026-04-27,20260427T100503|BFO:SENSEX26APR77500PE|CONTINUATION_PUT|PUT,CONTINUATION_PUT,PUT,TARGET_HIT,1500.0,0.272517,False,False,not_eligible,True,True,1.0,1.0,4.0
2026-04-27,20260427T102506|BFO:SENSEX26APR77400PE|CONTINUATION_PUT|PUT,CONTINUATION_PUT,PUT,EARLY_FAIL_1S,-775.0000000000341,1.575067,False,False,not_eligible,False,False,0.0,-6.899999999999977,4.0
2026-04-27,20260427T103034|BFO:SENSEX26APR77400PE|CONTINUATION_PUT|PUT,CONTINUATION_PUT,PUT,PROMOTED_FAIL_3S,-100.00000000002274,5.789446,True,True,good_killed,True,True,9.200000000000045,9.200000000000045,5.0
2026-04-27,20260427T103515|BFO:SENSEX26APR77200PE|CONTINUATION_PUT|PUT,CONTINUATION_PUT,PUT,TARGET_HIT,1500.0,0.458205,False,False,not_eligible,True,True,0.35000000000002274,-14.699999999999932,4.0
2026-04-27,20260427T104009|BFO:SENSEX26APR77200PE|CONTINUATION_PUT|PUT,CONTINUATION_PUT,PUT,TARGET_HIT,1500.0,1.433439,False,False,not_eligible,True,True,2.300000000000068,-4.699999999999932,4.0
2026-04-27,20260427T105006|BFO:SENSEX26APR77000CE|CONTINUATION_CALL|CALL,CONTINUATION_CALL,CALL,TARGET_HIT,1500.0,1.840331,False,False,not_eligible,True,True,3.25,2.8999999999999773,3.0
2026-04-27,20260427T105508|BFO:SENSEX26APR77100CE|CONTINUATION_CALL|CALL,CONTINUATION_CALL,CALL,EDGE_HARD_STOP,-3750.0,3.628674,True,False,bad_kept,False,False,4.5499999999999545,-1.3500000000000227,3.0
2026-04-27,20260427T110032|BFO:SENSEX26APR77400PE|CONTINUATION_PUT|PUT,CONTINUATION_PUT,PUT,EARLY_FAIL_1S,-549.9999999999545,3.535529,True,False,bad_kept,True,True,7.199999999999932,4.75,3.0
2026-04-27,20260427T111532|BFO:SENSEX26APR77000CE|CONTINUATION_CALL|CALL,CONTINUATION_CALL,CALL,EARLY_FAIL_3S,925.0000000000114,4.875213,True,True,good_killed,True,True,13.399999999999977,11.899999999999977,4.0
2026-04-27,20260427T112000|BFO:SENSEX26APR77000CE|CONTINUATION_CALL|CALL,CONTINUATION_CALL,CALL,EDGE_HARD_STOP,-3975.0000000000227,5.458642,True,False,bad_kept,False,False,1.5500000000000682,0.25,4.0
2026-04-27,20260427T112506|BFO:SENSEX26APR77400PE|CONTINUATION_PUT|PUT,CONTINUATION_PUT,PUT,EARLY_FAIL_1S,-500.0,3.196721,True,False,bad_kept,True,True,9.349999999999909,9.199999999999932,4.0
2026-04-27,20260427T113000|BFO:SENSEX26APR77300PE|CONTINUATION_PUT|PUT,CONTINUATION_PUT,PUT,EARLY_FAIL_1S,-2924.9999999999545,2.415022,False,False,not_eligible,False,False,0.6999999999999318,-7.7000000000000455,3.0
2026-04-27,20260427T113501|BFO:SENSEX26APR77200PE|CONTINUATION_PUT|PUT,CONTINUATION_PUT,PUT,PROMOTED_FAIL_3S,1075.0000000000455,5.768931,True,True,good_killed,True,True,8.25,4.199999999999932,5.0
2026-04-27,20260427T114501|BFO:SENSEX26APR76800CE|CONTINUATION_CALL|CALL,CONTINUATION_CALL,CALL,EDGE_HARD_STOP,-4274.999999999977,2.197177,False,False,not_eligible,False,False,6.699999999999932,-2.1000000000000227,3.0
2026-04-27,20260427T115020|BFO:SENSEX26APR76900CE|CONTINUATION_CALL|CALL,CONTINUATION_CALL,CALL,EARLY_FAIL_3S,-50.00000000001137,4.666749,True,True,bad_killed,True,False,2.2999999999999545,-6.4500000000000455,4.0
2026-04-27,20260427T115537|BFO:SENSEX26APR76900CE|REVERSAL_CALL|CALL,REVERSAL_CALL,CALL,EARLY_FAIL_3S,-150.0000000000341,5.82487,True,True,good_killed,True,True,9.149999999999977,8.100000000000023,3.0
2026-04-27,20260427T122022|BFO:SENSEX26APR77300PE|REVERSAL_PUT|PUT,REVERSAL_PUT,PUT,EARLY_FAIL_3S,50.00000000001137,6.583063,True,True,good_killed,True,True,8.799999999999955,8.799999999999955,3.0
2026-04-27,20260427T122507|BFO:SENSEX26APR76900CE|REVERSAL_CALL|CALL,REVERSAL_CALL,CALL,PROMOTED_FAIL_3S,-100.00000000002274,5.245963,True,True,bad_killed,True,False,5.2000000000000455,1.0500000000000682,5.0
2026-04-27,20260427T123536|BFO:SENSEX26APR77100CE|CONTINUATION_CALL|CALL,CONTINUATION_CALL,CALL,EARLY_FAIL_1S,-1025.000000000034,3.317812,True,False,bad_kept,True,True,9.149999999999977,6.899999999999977,3.0
2026-04-27,20260427T124005|BFO:SENSEX26APR77100CE|CONTINUATION_CALL|CALL,CONTINUATION_CALL,CALL,TARGET_HIT,1500.0,4.095958,True,False,good_kept,True,True,3.6499999999999773,-1.0500000000000682,3.0
2026-04-27,20260427T124523|BFO:SENSEX26APR77400PE|CONTINUATION_PUT|PUT,CONTINUATION_PUT,PUT,EARLY_FAIL_1S,-550.0000000000114,3.170655,True,False,bad_kept,True,True,6.800000000000068,4.800000000000068,4.0
2026-04-27,20260427T125531|BFO:SENSEX26APR77000CE|REVERSAL_CALL|CALL,REVERSAL_CALL,CALL,PROMOTED_FAIL_3S,649.9999999999773,5.759498,True,True,bad_killed,True,False,-0.14999999999997726,-14.199999999999932,5.0
2026-04-27,20260427T130012|BFO:SENSEX26APR77000CE|REVERSAL_CALL|CALL,REVERSAL_CALL,CALL,EARLY_FAIL_3S,-74.99999999998863,4.638389,True,True,good_killed,True,True,6.5,-4.850000000000023,3.0
2026-04-27,20260427T131521|BFO:SENSEX26APR77100CE|CONTINUATION_CALL|CALL,CONTINUATION_CALL,CALL,EARLY_FAIL_3S,-2774.9999999999773,5.128432,True,True,bad_killed,False,False,4.0,3.0,4.0
2026-04-27,20260427T132529|BFO:SENSEX26APR77200CE|CONTINUATION_CALL|CALL,CONTINUATION_CALL,CALL,TARGET_HIT,1500.0,4.275748,True,False,good_kept,True,True,2.849999999999909,1.599999999999909,3.0
2026-04-27,20260427T133012|BFO:SENSEX26APR77500PE|REVERSAL_PUT|PUT,REVERSAL_PUT,PUT,EARLY_FAIL_1S,-1074.9999999999886,3.388486,True,False,bad_kept,False,False,0.7000000000000455,-4.2999999999999545,3.0
2026-04-27,20260427T133522|BFO:SENSEX26APR77200CE|REVERSAL_CALL|CALL,REVERSAL_CALL,CALL,EARLY_FAIL_1S,-599.9999999999659,1.871293,False,False,not_eligible,True,False,3.6499999999999773,1.75,4.0
2026-04-27,20260427T134032|BFO:SENSEX26APR77200CE|REVERSAL_CALL|CALL,REVERSAL_CALL,CALL,EARLY_FAIL_1S,-250.0,3.456515,True,False,bad_kept,True,False,3.3500000000000227,0.10000000000002274,4.0
2026-04-27,20260427T135018|BFO:SENSEX26APR77600PE|CONTINUATION_PUT|PUT,CONTINUATION_PUT,PUT,EARLY_FAIL_1S,0.0,2.678691,False,False,not_eligible,True,False,4.800000000000068,-0.599999999999909,5.0
2026-04-27,20260427T135502|BFO:SENSEX26APR77200CE|CONTINUATION_CALL|CALL,CONTINUATION_CALL,CALL,EARLY_FAIL_1S,-949.9999999999886,3.467699,True,False,bad_kept,True,False,3.6499999999999773,3.6499999999999773,4.0
2026-04-27,20260427T140000|BFO:SENSEX26APR77600PE|CONTINUATION_PUT|PUT,CONTINUATION_PUT,PUT,TARGET_HIT,1500.0,3.591056,True,False,good_kept,True,True,1.3500000000000227,-4.300000000000068,4.0
2026-04-27,20260427T140523|BFO:SENSEX26APR77200CE|CONTINUATION_CALL|CALL,CONTINUATION_CALL,CALL,TARGET_HIT,1500.0,1.34065,False,False,not_eligible,True,True,2.0,-2.699999999999932,4.0
2026-04-27,20260427T141038|BFO:SENSEX26APR77200CE|REVERSAL_CALL|CALL,REVERSAL_CALL,CALL,TARGET_HIT,1500.0,5.002659,True,False,good_kept,True,True,1.5,-0.5,3.0
2026-04-27,20260427T141506|BFO:SENSEX26APR77200CE|CONTINUATION_CALL|CALL,CONTINUATION_CALL,CALL,EARLY_FAIL_1S,-675.0000000000114,4.858892,True,False,bad_kept,True,True,4.649999999999977,3.449999999999932,3.0
2026-04-27,20260427T142007|BFO:SENSEX26APR77600PE|CONTINUATION_PUT|PUT,CONTINUATION_PUT,PUT,TARGET_HIT,1500.0,2.330193,False,False,not_eligible,True,True,2.5,1.6499999999999773,4.0
2026-04-27,20260427T142509|BFO:SENSEX26APR77600PE|CONTINUATION_PUT|PUT,CONTINUATION_PUT,PUT,EARLY_FAIL_1S,-1550.0000000000114,2.92304,False,False,not_eligible,False,False,0.3000000000000682,-0.6000000000000227,3.0
2026-04-27,20260427T143002|BFO:SENSEX26APR77500PE|CONTINUATION_PUT|PUT,CONTINUATION_PUT,PUT,EARLY_FAIL_1S,-375.0,2.395676,False,False,not_eligible,True,False,2.3500000000000227,0.3000000000000682,4.0
2026-04-27,20260427T143509|BFO:SENSEX26APR77500PE|CONTINUATION_PUT|PUT,CONTINUATION_PUT,PUT,TARGET_HIT,1500.0,1.756477,False,False,not_eligible,True,True,3.5499999999999545,-3.2000000000000455,4.0
2026-04-27,20260427T144529|BFO:SENSEX26APR77100CE|CONTINUATION_CALL|CALL,CONTINUATION_CALL,CALL,EARLY_FAIL_1S,-1125.0,3.493523,True,False,bad_kept,True,False,4.75,-8.25,3.0
2026-04-28,20260428T092011|BFO:SENSEX26APR77000CE|CONTINUATION_CALL|CALL,CONTINUATION_CALL,CALL,TARGET_HIT,1500.0,0.227634,False,False,not_eligible,True,True,11.899999999999977,9.649999999999977,4.0
2026-04-28,20260428T093018|BFO:SENSEX26APR77100CE|CONTINUATION_CALL|CALL,CONTINUATION_CALL,CALL,TARGET_HIT,1500.0,-0.393912,False,False,not_eligible,True,True,0.4499999999999318,-14.200000000000045,3.0
2026-04-28,20260428T093502|BFO:SENSEX26APR77500PE|CONTINUATION_PUT|PUT,CONTINUATION_PUT,PUT,EARLY_FAIL_3S,574.9999999999886,4.851711,True,True,good_killed,True,True,24.25,24.25,4.0
2026-04-28,20260428T094502|BFO:SENSEX26APR77100CE|CONTINUATION_CALL|CALL,CONTINUATION_CALL,CALL,EARLY_FAIL_1S,-1925.0000000000114,2.997786,False,False,not_eligible,True,False,4.949999999999932,-6.649999999999977,3.0
2026-04-28,20260428T095001|BFO:SENSEX26APR77500PE|CONTINUATION_PUT|PUT,CONTINUATION_PUT,PUT,EARLY_FAIL_1S,-2449.9999999999886,1.956706,False,False,not_eligible,False,False,-3.900000000000091,-6.300000000000068,4.0
2026-04-28,20260428T095515|BFO:SENSEX26APR77100CE|REVERSAL_CALL|CALL,REVERSAL_CALL,CALL,TARGET_HIT,1500.0,0.379959,False,False,not_eligible,True,True,11.950000000000045,6.350000000000023,4.0
2026-04-28,20260428T100019|BFO:SENSEX26APR77200CE|CONTINUATION_CALL|CALL,CONTINUATION_CALL,CALL,TARGET_HIT,1500.0,-0.855509,False,False,not_eligible,True,True,3.1499999999999773,-3.75,3.0
2026-04-28,20260428T100522|BFO:SENSEX26APR77600PE|REVERSAL_PUT|PUT,REVERSAL_PUT,PUT,EARLY_FAIL_3S,300.00000000001137,6.049214,True,True,good_killed,True,True,4.699999999999932,0.75,3.0
2026-04-28,20260428T101505|BFO:SENSEX26APR77600PE|CONTINUATION_PUT|PUT,CONTINUATION_PUT,PUT,TARGET_HIT,1500.0,6.931077,True,False,good_kept,True,True,6.5,3.3999999999999773,3.0
2026-04-28,20260428T102533|BFO:SENSEX26APR77300CE|CONTINUATION_CALL|CALL,CONTINUATION_CALL,CALL,EARLY_FAIL_3S,-1074.9999999999886,4.260008,True,True,bad_killed,False,False,1.349999999999909,-0.05000000000006821,3.0
2026-04-28,20260428T103501|BFO:SENSEX26APR77600PE|CONTINUATION_PUT|PUT,CONTINUATION_PUT,PUT,TARGET_HIT,1500.0,-0.991009,False,False,not_eligible,True,True,9.100000000000023,9.100000000000023,3.0
2026-04-28,20260428T104014|BFO:SENSEX26APR77500PE|CONTINUATION_PUT|PUT,CONTINUATION_PUT,PUT,EARLY_FAIL_3S,-474.9999999999943,5.941214,True,True,bad_killed,True,False,2.25,0.5500000000000114,3.0
2026-04-28,20260428T105013|BFO:SENSEX26APR77200CE|CONTINUATION_CALL|CALL,CONTINUATION_CALL,CALL,EARLY_FAIL_1S,-474.9999999999659,2.304897,False,False,not_eligible,True,False,2.7999999999999545,0.75,4.0
2026-04-28,20260428T105508|BFO:SENSEX26APR77200CE|CONTINUATION_CALL|CALL,CONTINUATION_CALL,CALL,TARGET_HIT,1500.0,0.188506,False,False,not_eligible,True,True,3.599999999999909,-0.8500000000000227,4.0
2026-04-28,20260428T110002|BFO:SENSEX26APR77300CE|CONTINUATION_CALL|CALL,CONTINUATION_CALL,CALL,EARLY_FAIL_1S,-1349.999999999966,2.983833,False,False,not_eligible,False,False,0.5,-7.800000000000068,4.0
2026-04-28,20260428T110505|BFO:SENSEX26APR77600PE|CONTINUATION_PUT|PUT,CONTINUATION_PUT,PUT,EARLY_FAIL_3S,950.0000000000455,4.406098,True,True,bad_killed,True,False,0.849999999999909,0.75,3.0
2026-04-28,20260428T111004|BFO:SENSEX26APR77600PE|CONTINUATION_PUT|PUT,CONTINUATION_PUT,PUT,EARLY_FAIL_3S,800.0000000000114,5.772299,True,True,bad_killed,True,False,-0.5,-7.550000000000068,4.0
2026-04-28,20260428T112505|BFO:SENSEX26APR77500PE|CONTINUATION_PUT|PUT,CONTINUATION_PUT,PUT,TARGET_HIT,1500.0,-0.499222,False,False,not_eligible,True,True,5.399999999999977,5.399999999999977,4.0
2026-04-28,20260428T113005|BFO:SENSEX26APR77300PE|CONTINUATION_PUT|PUT,CONTINUATION_PUT,PUT,EDGE_HARD_STOP,-3750.0,2.205833,False,False,not_eligible,True,True,11.149999999999977,11.149999999999977,4.0
2026-04-28,20260428T114510|BFO:SENSEX26APR77000CE|CONTINUATION_CALL|CALL,CONTINUATION_CALL,CALL,TARGET_HIT,1500.0,-0.455464,False,False,not_eligible,True,True,3.3500000000000227,-3.0,3.0
2026-04-28,20260428T115007|BFO:SENSEX26APR77400PE|REVERSAL_PUT|PUT,REVERSAL_PUT,PUT,EARLY_FAIL_3S,-1199.9999999999886,5.699909,True,True,bad_killed,True,False,4.7000000000000455,-0.35000000000002274,4.0
2026-04-28,20260428T120006|BFO:SENSEX26APR77300PE|CONTINUATION_PUT|PUT,CONTINUATION_PUT,PUT,EARLY_FAIL_1S,-675.0000000000114,2.571081,False,False,not_eligible,True,True,8.399999999999977,2.75,3.0
2026-04-28,20260428T120504|BFO:SENSEX26APR77200PE|CONTINUATION_PUT|PUT,CONTINUATION_PUT,PUT,TARGET_HIT,1500.0,0.626521,False,False,not_eligible,True,True,6.0,3.8999999999999773,3.0
2026-04-28,20260428T121530|BFO:SENSEX26APR76900CE|CONTINUATION_CALL|CALL,CONTINUATION_CALL,CALL,EARLY_FAIL_3S,-199.99999999998863,6.916503,True,True,bad_killed,True,False,2.1499999999999773,2.1499999999999773,3.0
2026-04-28,20260428T122006|BFO:SENSEX26APR77200PE|CONTINUATION_PUT|PUT,CONTINUATION_PUT,PUT,EDGE_HARD_STOP,-4175.000000000011,2.576248,False,False,not_eligible,False,False,-3.0,-10.199999999999989,4.0
2026-04-28,20260428T123008|BFO:SENSEX26APR77100PE|CONTINUATION_PUT|PUT,CONTINUATION_PUT,PUT,TARGET_HIT,1500.0,3.232486,True,False,good_kept,True,True,2.3000000000000114,1.3000000000000114,4.0
2026-04-28,20260428T124533|BFO:SENSEX26APR76800CE|CONTINUATION_CALL|CALL,CONTINUATION_CALL,CALL,TARGET_HIT,1500.0,5.5503,True,False,good_kept,True,True,5.25,5.25,3.0
2026-04-28,20260428T125037|BFO:SENSEX26APR76800CE|CONTINUATION_CALL|CALL,CONTINUATION_CALL,CALL,EARLY_FAIL_1S,-725.0000000000227,3.001662,True,False,bad_kept,False,False,1.3999999999999773,-0.2999999999999545,3.0
2026-04-28,20260428T125515|BFO:SENSEX26APR77200PE|CONTINUATION_PUT|PUT,CONTINUATION_PUT,PUT,EDGE_HARD_STOP,-3475.0000000000227,24.80112,True,False,bad_kept,False,False,-2.8500000000000227,-5.25,3.0
2026-04-28,20260428T130035|BFO:SENSEX26APR77100PE|CONTINUATION_PUT|PUT,CONTINUATION_PUT,PUT,EARLY_FAIL_1S,-1599.9999999999943,2.525562,False,False,not_eligible,True,False,3.3000000000000114,3.3000000000000114,4.0
2026-04-28,20260428T131501|BFO:SENSEX26APR77200PE|CONTINUATION_PUT|PUT,CONTINUATION_PUT,PUT,TARGET_HIT,1500.0,1.840799,False,False,not_eligible,True,True,0.8500000000000227,-6.949999999999932,4.0
2026-04-28,20260428T132005|BFO:SENSEX26APR76800CE|CONTINUATION_CALL|CALL,CONTINUATION_CALL,CALL,EARLY_FAIL_1S,-500.0,3.234117,True,False,bad_kept,False,False,0.4500000000000455,-13.600000000000023,5.0
2026-04-28,20260428T132525|BFO:SENSEX26APR76900CE|CONTINUATION_CALL|CALL,CONTINUATION_CALL,CALL,EARLY_FAIL_1S,-1625.0,3.038683,True,False,bad_kept,True,False,3.300000000000068,3.300000000000068,3.0
2026-04-28,20260428T133024|BFO:SENSEX26APR77200PE|CONTINUATION_PUT|PUT,CONTINUATION_PUT,PUT,EARLY_FAIL_3S,-199.99999999998863,4.445026,True,True,good_killed,True,True,21.649999999999977,18.199999999999932,3.0
2026-04-28,20260428T133524|BFO:SENSEX26APR77100PE|CONTINUATION_PUT|PUT,CONTINUATION_PUT,PUT,TARGET_HIT,1500.0,0.30577,False,False,not_eligible,True,True,33.0,28.899999999999977,4.0
2026-04-28,20260428T135011|BFO:SENSEX26APR77100PE|CONTINUATION_PUT|PUT,CONTINUATION_PUT,PUT,EDGE_HARD_STOP,-3074.9999999999886,0.513311,False,False,not_eligible,False,False,1.4500000000000455,-7.449999999999989,3.0
2026-04-28,20260428T140014|BFO:SENSEX26APR77100PE|REVERSAL_PUT|PUT,REVERSAL_PUT,PUT,EARLY_FAIL_1S,-500.0,2.679278,False,False,not_eligible,True,True,6.0,5.949999999999989,4.0
2026-04-28,20260428T140505|BFO:SENSEX26APR77100PE|CONTINUATION_PUT|PUT,CONTINUATION_PUT,PUT,EARLY_FAIL_1S,-699.9999999999886,2.963214,False,False,not_eligible,True,False,1.5,-0.10000000000002274,5.0
2026-04-28,20260428T141001|BFO:SENSEX26APR76700CE|CONTINUATION_CALL|CALL,CONTINUATION_CALL,CALL,EARLY_FAIL_3S,300.00000000001137,4.286336,True,True,bad_killed,False,False,-5.399999999999977,-7.350000000000023,4.0
2026-04-28,20260428T141530|BFO:SENSEX26APR77100PE|CONTINUATION_PUT|PUT,CONTINUATION_PUT,PUT,TARGET_HIT,1500.0,-0.666501,False,False,not_eligible,True,True,5.850000000000023,5.850000000000023,4.0
2026-04-28,20260428T143006|BFO:SENSEX26APR77100PE|CONTINUATION_PUT|PUT,CONTINUATION_PUT,PUT,EARLY_FAIL_1S,-2174.9999999999827,2.172035,False,False,not_eligible,False,False,-3.650000000000034,-4.400000000000034,3.0
2026-04-28,20260428T143505|BFO:SENSEX26APR76800CE|CONTINUATION_CALL|CALL,CONTINUATION_CALL,CALL,EARLY_FAIL_1S,-2500.0,2.717006,False,False,not_eligible,True,False,6.699999999999932,1.4499999999999886,4.0
2026-04-28,20260428T144017|BFO:SENSEX26APR76800CE|CONTINUATION_CALL|CALL,CONTINUATION_CALL,CALL,EARLY_FAIL_1S,-1150.000000000034,2.812153,False,False,not_eligible,True,False,3.7000000000000455,2.75,4.0
2026-04-28,20260428T144509|BFO:SENSEX26APR77200PE|REVERSAL_PUT|PUT,REVERSAL_PUT,PUT,TARGET_HIT,1500.0,13.457118,True,False,good_kept,True,True,13.0,6.899999999999977,3.0
2026-04-29,20260429T093009|BFO:SENSEX26APR77100CE|REVERSAL_CALL|CALL,REVERSAL_CALL,CALL,PROMOTED_FAIL_3S,-2950.0000000000173,4.36453,True,True,bad_killed,False,False,3.650000000000034,3.650000000000034,5.0
2026-04-29,20260429T094031|BFO:SENSEX26APR77100CE|CONTINUATION_CALL|CALL,CONTINUATION_CALL,CALL,TARGET_HIT,1500.0,5.110151,True,False,good_kept,True,True,3.9499999999999886,3.9499999999999886,4.0
2026-04-29,20260429T094513|BFO:SENSEX26APR77200CE|CONTINUATION_CALL|CALL,CONTINUATION_CALL,CALL,TARGET_HIT,1500.0,2.950425,False,False,not_eligible,True,True,7.050000000000011,-1.3999999999999773,4.0
2026-04-29,20260429T095004|BFO:SENSEX26APR77300CE|CONTINUATION_CALL|CALL,CONTINUATION_CALL,CALL,EDGE_HARD_STOP,-3175.0000000000114,0.531587,False,False,not_eligible,False,False,4.600000000000023,-2.349999999999966,3.0
2026-04-29,20260429T100021|BFO:SENSEX26APR77300CE|REVERSAL_CALL|CALL,REVERSAL_CALL,CALL,EARLY_FAIL_1S,-1949.9999999999886,2.001991,False,False,not_eligible,False,False,3.8999999999999773,2.8999999999999773,3.0
2026-04-29,20260429T100504|BFO:SENSEX26APR77400CE|CONTINUATION_CALL|CALL,CONTINUATION_CALL,CALL,EDGE_HARD_STOP,-3650.0000000000055,2.695462,False,False,not_eligible,True,True,13.800000000000011,13.800000000000011,3.0
2026-04-29,20260429T101008|BFO:SENSEX26APR77400CE|CONTINUATION_CALL|CALL,CONTINUATION_CALL,CALL,EDGE_HARD_STOP,-3474.9999999999945,1.886354,False,False,not_eligible,True,False,9.099999999999966,7.849999999999966,4.0
2026-04-29,20260429T101503|BFO:SENSEX26APR77500CE|CONTINUATION_CALL|CALL,CONTINUATION_CALL,CALL,TARGET_HIT,1500.0,1.352071,False,False,not_eligible,True,True,11.850000000000023,-4.099999999999966,3.0
2026-04-29,20260429T102007|BFO:SENSEX26APR77500CE|CONTINUATION_CALL|CALL,CONTINUATION_CALL,CALL,TARGET_HIT,1500.0,5.139184,True,False,good_kept,True,True,43.64999999999998,43.25,3.0
2026-04-29,20260429T103504|BFO:SENSEX26APR78000PE|CONTINUATION_PUT|PUT,CONTINUATION_PUT,PUT,EARLY_FAIL_1S,-99.99999999999432,2.143933,False,False,not_eligible,True,False,3.1000000000000227,3.0500000000000114,3.0
2026-04-29,20260429T104521|BFO:SENSEX26APR77900PE|CONTINUATION_PUT|PUT,CONTINUATION_PUT,PUT,EARLY_FAIL_1S,-425.00000000001137,3.591102,True,False,bad_kept,False,False,-0.5,-3.8999999999999773,4.0
2026-04-29,20260429T105006|BFO:SENSEX26APR77600CE|CONTINUATION_CALL|CALL,CONTINUATION_CALL,CALL,EDGE_HARD_STOP,-3074.9999999999886,1.023166,False,False,not_eligible,True,True,11.449999999999989,11.449999999999989,4.0
2026-04-29,20260429T105505|BFO:SENSEX26APR77600CE|CONTINUATION_CALL|CALL,CONTINUATION_CALL,CALL,TARGET_HIT,1500.0,6.182437,True,False,good_kept,True,True,4.4500000000000455,2.0,3.0
2026-04-29,20260429T110001|BFO:SENSEX26APR77600CE|CONTINUATION_CALL|CALL,CONTINUATION_CALL,CALL,TARGET_HIT,1500.0,4.947055,True,False,good_kept,True,True,6.349999999999966,6.349999999999966,3.0
2026-04-29,20260429T110527|BFO:SENSEX26APR78000PE|CONTINUATION_PUT|PUT,CONTINUATION_PUT,PUT,EARLY_FAIL_3S,275.0000000000057,4.596859,True,True,bad_killed,True,False,-0.10000000000002274,-6.100000000000023,4.0
2026-04-29,20260429T112520|BFO:SENSEX26APR78000PE|CONTINUATION_PUT|PUT,CONTINUATION_PUT,PUT,EARLY_FAIL_1S,-1899.9999999999773,2.224658,False,False,not_eligible,False,False,-2.9500000000000455,-10.850000000000023,3.0
2026-04-29,20260429T114010|BFO:SENSEX26APR77600CE|REVERSAL_CALL|CALL,REVERSAL_CALL,CALL,EARLY_FAIL_3S,300.00000000001137,3.601095,True,True,good_killed,True,True,9.0,9.0,3.0
2026-04-29,20260429T114517|BFO:SENSEX26APR78000PE|CONTINUATION_PUT|PUT,CONTINUATION_PUT,PUT,EARLY_FAIL_1S,-149.99999999997726,1.831452,False,False,not_eligible,True,False,2.599999999999966,-4.2000000000000455,4.0
2026-04-29,20260429T115502|BFO:SENSEX26APR77600CE|REVERSAL_CALL|CALL,REVERSAL_CALL,CALL,EDGE_HARD_STOP,-3599.9999999999945,28.270197,True,False,bad_kept,False,False,5.5,3.3500000000000227,4.0
2026-04-29,20260429T120501|BFO:SENSEX26APR78000PE|CONTINUATION_PUT|PUT,CONTINUATION_PUT,PUT,TARGET_HIT,1500.0,4.64646,True,False,good_kept,True,True,3.3999999999999773,3.2999999999999545,4.0
2026-04-29,20260429T121008|BFO:SENSEX26APR77600CE|CONTINUATION_CALL|CALL,CONTINUATION_CALL,CALL,TARGET_HIT,1500.0,1.939376,False,False,not_eligible,True,True,11.0,2.0500000000000114,3.0
2026-04-29,20260429T122032|BFO:SENSEX26APR78000PE|REVERSAL_PUT|PUT,REVERSAL_PUT,PUT,EARLY_FAIL_1S,-1199.9999999999886,2.549373,False,False,not_eligible,True,False,2.6000000000000227,2.6000000000000227,3.0
2026-04-29,20260429T123021|BFO:SENSEX26APR78100PE|CONTINUATION_PUT|PUT,CONTINUATION_PUT,PUT,EARLY_FAIL_1S,-1474.9999999999943,3.313923,True,False,bad_kept,False,False,1.75,0.5999999999999659,4.0
2026-04-29,20260429T123520|BFO:SENSEX26APR77800CE|CONTINUATION_CALL|CALL,CONTINUATION_CALL,CALL,EDGE_HARD_STOP,-3125.0,3.25538,True,False,bad_kept,False,False,1.1499999999999773,-2.25,3.0
2026-04-29,20260429T125505|BFO:SENSEX26APR78100PE|REVERSAL_PUT|PUT,REVERSAL_PUT,PUT,EARLY_FAIL_1S,-2824.9999999999886,2.410627,False,False,not_eligible,False,False,3.0500000000000114,3.0500000000000114,3.0
2026-04-29,20260429T130506|BFO:SENSEX26APR77700CE|CONTINUATION_CALL|CALL,CONTINUATION_CALL,CALL,EARLY_FAIL_1S,-1675.0000000000114,3.091436,True,False,bad_kept,False,False,2.8000000000000114,-4.550000000000011,3.0
2026-04-29,20260429T131016|BFO:SENSEX26APR77700CE|CONTINUATION_CALL|CALL,CONTINUATION_CALL,CALL,EARLY_FAIL_1S,-850.0000000000227,2.766166,False,False,not_eligible,True,False,4.400000000000034,4.400000000000034,4.0
2026-04-29,20260429T131517|BFO:SENSEX26APR77700CE|REVERSAL_CALL|CALL,REVERSAL_CALL,CALL,EARLY_FAIL_1S,0.0,2.633472,False,False,not_eligible,False,False,-0.3499999999999659,-0.3499999999999659,3.0
2026-04-29,20260429T132002|BFO:SENSEX26APR77700CE|CONTINUATION_CALL|CALL,CONTINUATION_CALL,CALL,TARGET_HIT,1500.0,1.018626,False,False,not_eligible,True,True,3.75,1.75,4.0
2026-04-29,20260429T133000|BFO:SENSEX26APR78100PE|CONTINUATION_PUT|PUT,CONTINUATION_PUT,PUT,EDGE_HARD_STOP,-3074.9999999999886,0.755959,False,False,not_eligible,False,False,0.5500000000000114,-4.600000000000023,3.0
2026-04-29,20260429T133522|BFO:SENSEX26APR77700CE|CONTINUATION_CALL|CALL,CONTINUATION_CALL,CALL,EARLY_FAIL_1S,-1199.9999999999886,2.185758,False,False,not_eligible,False,False,-0.35000000000002274,-14.400000000000034,3.0
2026-04-29,20260429T134000|BFO:SENSEX26APR78000PE|CONTINUATION_PUT|PUT,CONTINUATION_PUT,PUT,EARLY_FAIL_3S,-275.0000000000057,4.060295,True,True,good_killed,True,True,11.199999999999989,11.199999999999989,3.0
2026-04-29,20260429T134514|BFO:SENSEX26APR78000PE|CONTINUATION_PUT|PUT,CONTINUATION_PUT,PUT,EARLY_FAIL_1S,-1949.9999999999886,2.69309,False,False,not_eligible,False,False,2.6999999999999886,1.3999999999999773,4.0
2026-04-29,20260429T135516|BFO:SENSEX26APR78000PE|REVERSAL_PUT|PUT,REVERSAL_PUT,PUT,EARLY_FAIL_3S,-1549.999999999983,5.525426,True,True,bad_killed,False,False,2.4499999999999886,-6.650000000000034,3.0
2026-04-29,20260429T140000|BFO:SENSEX26APR77900PE|CONTINUATION_PUT|PUT,CONTINUATION_PUT,PUT,TARGET_HIT,1500.0,0.754067,False,False,not_eligible,True,True,19.05000000000001,-1.6499999999999773,4.0
2026-04-29,20260429T141035|BFO:SENSEX26APR77400CE|CONTINUATION_CALL|CALL,CONTINUATION_CALL,CALL,PROMOTED_FAIL_3S,-25.000000000005684,4.843046,True,True,bad_killed,False,False,-0.5,-0.6500000000000341,5.0
2026-04-29,20260429T142004|BFO:SENSEX26APR77700PE|CONTINUATION_PUT|PUT,CONTINUATION_PUT,PUT,TARGET_HIT,3500.0,2.699285,False,False,not_eligible,True,True,0.30000000000001137,-9.0,5.0
2026-04-29,20260429T143004|BFO:SENSEX26APR77700PE|CONTINUATION_PUT|PUT,CONTINUATION_PUT,PUT,EARLY_FAIL_3S,-1974.9999999999943,4.512501,True,True,bad_killed,False,False,2.3000000000000114,0.6499999999999773,3.0
2026-04-29,20260429T145013|BFO:SENSEX26APR77800PE|CONTINUATION_PUT|PUT,CONTINUATION_PUT,PUT,EARLY_FAIL_3S,375.0,5.25216,True,True,good_killed,True,True,20.150000000000034,20.150000000000034,4.0
