trade_id,date,exit_reason,hold_seconds,manual_flag,long_duration_flag,stale_quote_flag,missing_updates_flag,execution_anomaly_flag,policy_failure_flag,operational_failure_flag,notes
20260323T092500|BFO:SENSEX26MAR73400PE|CONTINUATION_PUT|PUT,2026-03-23,TARGET_HIT,3.294756,0,0,0,0,0,0,0,
20260323T093001|BFO:SENSEX26MAR73000CE|CONTINUATION_CALL|CALL,2026-03-23,TARGET_HIT,11.180601,0,0,0,0,0,0,0,
20260323T093522|BFO:SENSEX26MAR73100CE|CONTINUATION_CALL|CALL,2026-03-23,TARGET_HIT,1.088519,0,0,0,0,1,0,1,slippage anomaly
20260323T094025|BFO:SENSEX26MAR73500PE|REVERSAL_PUT|PUT,2026-03-23,TARGET_HIT,1.092558,0,0,0,0,0,0,0,
20260323T094503|BFO:SENSEX26MAR73400PE|CONTINUATION_PUT|PUT,2026-03-23,TARGET_HIT,1.098651,0,0,0,0,0,0,0,
20260323T095005|BFO:SENSEX26MAR73300PE|CONTINUATION_PUT|PUT,2026-03-23,TARGET_HIT,2.298024,0,0,0,0,0,0,0,
20260323T095503|BFO:SENSEX26MAR73200PE|CONTINUATION_PUT|PUT,2026-03-23,HARD_STOP_EXIT,7.927177,0,0,0,0,0,1,0,loss looks strategy-policy driven
20260323T100001|BFO:SENSEX26MAR73100PE|CONTINUATION_PUT|PUT,2026-03-23,TARGET_HIT,2.188938,0,0,0,0,0,0,0,
20260323T100508|BFO:SENSEX26MAR72800CE|CONTINUATION_CALL|CALL,2026-03-23,TARGET_HIT,4.383127,0,0,0,0,0,0,0,
20260323T101001|BFO:SENSEX26MAR72800CE|CONTINUATION_CALL|CALL,2026-03-23,TARGET_HIT,1.128763,0,0,0,0,0,0,0,
20260323T101515|BFO:SENSEX26MAR73000PE|CONTINUATION_PUT|PUT,2026-03-23,TARGET_HIT,3.345587,0,0,0,0,0,0,0,
20260323T102000|BFO:SENSEX26MAR73000PE|CONTINUATION_PUT|PUT,2026-03-23,TARGET_HIT,6.589837,0,0,0,0,0,0,0,
20260323T102512|BFO:SENSEX26MAR72900PE|CONTINUATION_PUT|PUT,2026-03-23,TARGET_HIT,7.167982,0,0,0,0,0,0,0,
20260323T103038|BFO:SENSEX26MAR72500CE|REVERSAL_CALL|CALL,2026-03-23,TARGET_HIT,29.89445,0,0,0,0,0,0,0,
20260323T103512|BFO:SENSEX26MAR72500CE|CONTINUATION_CALL|CALL,2026-03-23,HARD_STOP_EXIT,3.392789,0,0,0,0,0,1,0,loss looks strategy-policy driven
20260323T105002|BFO:SENSEX26MAR72900PE|CONTINUATION_PUT|PUT,2026-03-23,TARGET_HIT,2.194526,0,0,0,0,0,0,0,
20260323T105516|BFO:SENSEX26MAR72900PE|CONTINUATION_PUT|PUT,2026-03-23,TARGET_HIT,5.494071,0,0,0,0,0,0,0,
20260323T110003|BFO:SENSEX26MAR72500CE|CONTINUATION_CALL|CALL,2026-03-23,HARD_STOP_EXIT,4.519793,0,0,0,0,0,1,0,loss looks strategy-policy driven
20260323T110500|BFO:SENSEX26MAR72500CE|CONTINUATION_CALL|CALL,2026-03-23,HARD_STOP_EXIT,6.771848,0,0,0,0,0,1,0,loss looks strategy-policy driven
20260323T111003|BFO:SENSEX26MAR72600CE|CONTINUATION_CALL|CALL,2026-03-23,HARD_STOP_EXIT,17.970392,0,0,0,0,0,1,0,loss looks strategy-policy driven
20260323T111512|BFO:SENSEX26MAR73000PE|CONTINUATION_PUT|PUT,2026-03-23,TARGET_HIT,4.402481,0,0,0,0,0,0,0,
20260323T112500|BFO:SENSEX26MAR72600CE|CONTINUATION_CALL|CALL,2026-03-23,TARGET_HIT,32.120283,0,0,0,0,0,0,0,
20260323T113001|BFO:SENSEX26MAR72600CE|CONTINUATION_CALL|CALL,2026-03-23,TARGET_HIT,7.681504,0,0,0,0,0,0,0,
20260323T113500|BFO:SENSEX26MAR72900PE|CONTINUATION_PUT|PUT,2026-03-23,TARGET_HIT,3.290075,0,0,0,0,0,0,0,
20260323T114001|BFO:SENSEX26MAR72600CE|CONTINUATION_CALL|CALL,2026-03-23,TARGET_HIT,1.107181,0,0,0,0,0,0,0,
20260323T114503|BFO:SENSEX26MAR72900PE|CONTINUATION_PUT|PUT,2026-03-23,HARD_STOP_EXIT,10.043209,0,0,0,0,0,1,0,loss looks strategy-policy driven
20260323T115002|BFO:SENSEX26MAR72500CE|CONTINUATION_CALL|CALL,2026-03-23,HARD_STOP_EXIT,12.293969,0,0,0,0,0,1,0,loss looks strategy-policy driven
20260323T115509|BFO:SENSEX26MAR72600CE|CONTINUATION_CALL|CALL,2026-03-23,TARGET_HIT,9.96959,0,0,0,0,0,0,0,
20260323T120003|BFO:SENSEX26MAR72600CE|REVERSAL_CALL|CALL,2026-03-23,EARLY_RISK_EXIT,10.329811,0,0,0,0,0,1,0,loss looks strategy-policy driven
20260323T120501|BFO:SENSEX26MAR73000PE|CONTINUATION_PUT|PUT,2026-03-23,TARGET_HIT,5.568883,0,0,0,0,0,0,0,
20260323T121002|BFO:SENSEX26MAR73000PE|CONTINUATION_PUT|PUT,2026-03-23,HARD_STOP_EXIT,9.466065,0,0,0,0,0,1,0,loss looks strategy-policy driven
20260323T122026|BFO:SENSEX26MAR72900PE|REVERSAL_PUT|PUT,2026-03-23,TARGET_HIT,186.410209,0,1,0,0,0,0,1,long duration >= 60.0s
20260323T122516|BFO:SENSEX26MAR72800PE|CONTINUATION_PUT|PUT,2026-03-23,TARGET_HIT,1.085646,0,0,0,0,0,0,0,
20260323T123000|BFO:SENSEX26MAR72500CE|CONTINUATION_CALL|CALL,2026-03-23,HARD_STOP_EXIT,2.288186,0,0,0,0,0,1,0,loss looks strategy-policy driven
20260323T124004|BFO:SENSEX26MAR72500CE|CONTINUATION_CALL|CALL,2026-03-23,TARGET_HIT,6.936661,0,0,0,0,1,0,1,slippage anomaly
20260323T125034|BFO:SENSEX26MAR72900PE|REVERSAL_PUT|PUT,2026-03-23,TARGET_HIT,2.242368,0,0,0,0,1,0,1,slippage anomaly
20260323T125512|BFO:SENSEX26MAR72900PE|CONTINUATION_PUT|PUT,2026-03-23,TARGET_HIT,3.372103,0,0,0,0,0,0,0,
20260323T130003|BFO:SENSEX26MAR72800PE|CONTINUATION_PUT|PUT,2026-03-23,TARGET_HIT,1.156937,0,0,0,0,0,0,0,
20260323T130512|BFO:SENSEX26MAR72800PE|CONTINUATION_PUT|PUT,2026-03-23,TARGET_HIT,2.220168,0,0,0,0,0,0,0,
20260323T131026|BFO:SENSEX26MAR72400CE|CONTINUATION_CALL|CALL,2026-03-23,EARLY_RISK_EXIT,11.107251,0,0,0,0,0,1,0,loss looks strategy-policy driven
20260323T131504|BFO:SENSEX26MAR72400CE|REVERSAL_CALL|CALL,2026-03-23,TARGET_HIT,2.276936,0,0,0,0,0,0,0,
20260323T132515|BFO:SENSEX26MAR72800PE|REVERSAL_PUT|PUT,2026-03-23,HARD_STOP_EXIT,14.851308,0,0,0,0,0,1,0,loss looks strategy-policy driven
20260323T133502|BFO:SENSEX26MAR72500CE|CONTINUATION_CALL|CALL,2026-03-23,HARD_STOP_EXIT,7.993239,0,0,0,0,0,1,0,loss looks strategy-policy driven
20260323T134528|BFO:SENSEX26MAR72700CE|CONTINUATION_CALL|CALL,2026-03-23,TARGET_HIT,2.318003,0,0,0,0,0,0,0,
20260323T135003|BFO:SENSEX26MAR72800CE|CONTINUATION_CALL|CALL,2026-03-23,TARGET_HIT,2.24127,0,0,0,0,1,0,1,slippage anomaly
20260323T135530|BFO:SENSEX26MAR72800CE|CONTINUATION_CALL|CALL,2026-03-23,TARGET_HIT,1.154246,0,0,0,0,0,0,0,
20260323T140004|BFO:SENSEX26MAR73200PE|CONTINUATION_PUT|PUT,2026-03-23,TARGET_HIT,9.129577,0,0,0,0,0,0,0,
20260323T140508|BFO:SENSEX26MAR73000CE|CONTINUATION_CALL|CALL,2026-03-23,HARD_STOP_EXIT,9.378323,0,0,0,0,0,1,0,loss looks strategy-policy driven
20260323T141006|BFO:SENSEX26MAR73300PE|CONTINUATION_PUT|PUT,2026-03-23,TARGET_HIT,2.320493,0,0,0,0,0,0,0,
20260323T141504|BFO:SENSEX26MAR73300PE|CONTINUATION_PUT|PUT,2026-03-23,TARGET_HIT,3.441361,0,0,0,0,0,0,0,
20260323T142500|BFO:SENSEX26MAR73300PE|CONTINUATION_PUT|PUT,2026-03-23,TARGET_HIT,1.12176,0,0,0,0,0,0,0,
20260323T143004|BFO:SENSEX26MAR73200PE|CONTINUATION_PUT|PUT,2026-03-23,HARD_STOP_EXIT,2.306913,0,0,0,0,0,1,0,loss looks strategy-policy driven
20260323T143509|BFO:SENSEX26MAR73000PE|CONTINUATION_PUT|PUT,2026-03-23,HARD_STOP_EXIT,9.390647,0,0,0,0,0,1,0,loss looks strategy-policy driven
20260323T144502|BFO:SENSEX26MAR72800CE|CONTINUATION_CALL|CALL,2026-03-23,TARGET_HIT,2.594734,0,0,0,0,0,0,0,
20260323T145003|BFO:SENSEX26MAR72800CE|CONTINUATION_CALL|CALL,2026-03-23,TARGET_HIT,2.300237,0,0,0,0,0,0,0,
20260324T092035|BFO:SENSEX26MAR73700PE|CONTINUATION_PUT|PUT,2026-03-24,TARGET_HIT,8.884997,0,0,0,0,0,0,0,
20260324T092502|BFO:SENSEX26MAR73400CE|CONTINUATION_CALL|CALL,2026-03-24,TARGET_HIT,7.766695,0,0,0,0,0,0,0,
20260324T093021|BFO:SENSEX26MAR73500CE|CONTINUATION_CALL|CALL,2026-03-24,TARGET_HIT,2.187802,0,0,0,0,0,0,0,
20260324T093502|BFO:SENSEX26MAR73800PE|CONTINUATION_PUT|PUT,2026-03-24,EARLY_RISK_EXIT,10.983823,0,0,0,0,0,1,0,loss looks strategy-policy driven
20260324T094003|BFO:SENSEX26MAR73700PE|CONTINUATION_PUT|PUT,2026-03-24,TARGET_HIT,9.978603,0,0,0,0,0,0,0,
20260324T094513|BFO:SENSEX26MAR73600PE|CONTINUATION_PUT|PUT,2026-03-24,TARGET_HIT,1.101132,0,0,0,0,0,0,0,
20260324T095007|BFO:SENSEX26MAR73500PE|CONTINUATION_PUT|PUT,2026-03-24,TARGET_HIT,1.093908,0,0,0,0,0,0,0,
20260324T095534|BFO:SENSEX26MAR73200CE|CONTINUATION_CALL|CALL,2026-03-24,TARGET_HIT,17.750849,0,0,0,0,0,0,0,
20260324T100036|BFO:SENSEX26MAR73300CE|CONTINUATION_CALL|CALL,2026-03-24,HARD_STOP_EXIT,30.941655,0,0,0,0,0,1,0,loss looks strategy-policy driven
20260324T101000|BFO:SENSEX26MAR73500PE|CONTINUATION_PUT|PUT,2026-03-24,HARD_STOP_EXIT,31.083769,0,0,0,0,0,1,0,loss looks strategy-policy driven
20260324T102006|BFO:SENSEX26MAR73200CE|CONTINUATION_CALL|CALL,2026-03-24,EARLY_RISK_EXIT,11.175528,0,0,0,0,0,1,0,loss looks strategy-policy driven
20260324T102503|BFO:SENSEX26MAR73300CE|CONTINUATION_CALL|CALL,2026-03-24,TARGET_HIT,8.963897,0,0,0,0,0,0,0,
20260324T103000|BFO:SENSEX26MAR73700PE|CONTINUATION_PUT|PUT,2026-03-24,TARGET_HIT,5.61611,0,0,0,0,0,0,0,
20260324T103500|BFO:SENSEX26MAR73400PE|CONTINUATION_PUT|PUT,2026-03-24,TARGET_HIT,12.134031,0,0,0,0,0,0,0,
20260324T104001|BFO:SENSEX26MAR73300PE|CONTINUATION_PUT|PUT,2026-03-24,TARGET_HIT,1.099538,0,0,0,0,1,0,1,slippage anomaly
20260324T104514|BFO:SENSEX26MAR73000CE|CONTINUATION_CALL|CALL,2026-03-24,TARGET_HIT,4.506212,0,0,0,0,0,0,0,
20260324T105010|BFO:SENSEX26MAR73100CE|CONTINUATION_CALL|CALL,2026-03-24,TARGET_HIT,1.105512,0,0,0,0,0,0,0,
20260324T105502|BFO:SENSEX26MAR73400PE|CONTINUATION_PUT|PUT,2026-03-24,EARLY_RISK_EXIT,10.265491,0,0,0,0,0,1,0,loss looks strategy-policy driven
20260324T111004|BFO:SENSEX26MAR73100CE|CONTINUATION_CALL|CALL,2026-03-24,TARGET_HIT,13.384437,0,0,0,0,0,0,0,
20260324T111500|BFO:SENSEX26MAR73100CE|CONTINUATION_CALL|CALL,2026-03-24,EARLY_RISK_EXIT,10.065785,0,0,0,0,0,1,0,loss looks strategy-policy driven
20260324T112002|BFO:SENSEX26MAR73300CE|CONTINUATION_CALL|CALL,2026-03-24,EARLY_RISK_EXIT,10.131379,0,0,0,0,0,1,0,loss looks strategy-policy driven
20260324T112502|BFO:SENSEX26MAR73500PE|CONTINUATION_PUT|PUT,2026-03-24,TARGET_HIT,4.548,0,0,0,0,0,0,0,
20260324T113001|BFO:SENSEX26MAR73200CE|CONTINUATION_CALL|CALL,2026-03-24,TARGET_HIT,3.332178,0,0,0,0,0,0,0,
20260324T113517|BFO:SENSEX26MAR73300CE|CONTINUATION_CALL|CALL,2026-03-24,TARGET_HIT,1.123868,0,0,0,0,0,0,0,
20260324T114001|BFO:SENSEX26MAR73300CE|CONTINUATION_CALL|CALL,2026-03-24,TARGET_HIT,26.983833,0,0,0,0,1,0,1,slippage anomaly
20260324T115529|BFO:SENSEX26MAR73400CE|CONTINUATION_CALL|CALL,2026-03-24,TARGET_HIT,4.462596,0,0,0,0,0,0,0,
20260324T120023|BFO:SENSEX26MAR73500CE|CONTINUATION_CALL|CALL,2026-03-24,EARLY_RISK_EXIT,10.284931,0,0,0,0,0,1,0,loss looks strategy-policy driven
20260324T120511|BFO:SENSEX26MAR73800PE|CONTINUATION_PUT|PUT,2026-03-24,TARGET_HIT,1.10515,0,0,0,0,0,0,0,
20260324T121019|BFO:SENSEX26MAR73700PE|CONTINUATION_PUT|PUT,2026-03-24,TARGET_HIT,4.474676,0,0,0,0,0,0,0,
20260324T121520|BFO:SENSEX26MAR73300CE|REVERSAL_CALL|CALL,2026-03-24,TARGET_HIT,2.365117,0,0,0,0,0,0,0,
20260324T122000|BFO:SENSEX26MAR73700PE|CONTINUATION_PUT|PUT,2026-03-24,TARGET_HIT,1.149019,0,0,0,0,0,0,0,
20260324T122501|BFO:SENSEX26MAR73700CE|CONTINUATION_CALL|CALL,2026-03-24,TARGET_HIT,3.459741,0,0,0,0,1,0,1,slippage anomaly
20260324T123503|BFO:SENSEX26MAR73800CE|CONTINUATION_CALL|CALL,2026-03-24,EARLY_RISK_EXIT,10.442089,0,0,0,0,0,1,0,loss looks strategy-policy driven
20260324T124001|BFO:SENSEX26MAR73900CE|CONTINUATION_CALL|CALL,2026-03-24,EARLY_RISK_EXIT,10.548364,0,0,0,0,0,1,0,loss looks strategy-policy driven
20260324T124501|BFO:SENSEX26MAR73900CE|CONTINUATION_CALL|CALL,2026-03-24,TARGET_HIT,2.24225,0,0,0,0,0,0,0,
20260324T125007|BFO:SENSEX26MAR74100CE|CONTINUATION_CALL|CALL,2026-03-24,TARGET_HIT,3.367055,0,0,0,0,0,0,0,
20260324T130001|BFO:SENSEX26MAR74400PE|CONTINUATION_PUT|PUT,2026-03-24,TARGET_HIT,9.201478,0,0,0,0,0,0,0,
20260324T130517|BFO:SENSEX26MAR74300PE|CONTINUATION_PUT|PUT,2026-03-24,EARLY_RISK_EXIT,10.454963,0,0,0,0,0,1,0,loss looks strategy-policy driven
20260324T131033|BFO:SENSEX26MAR73900CE|CONTINUATION_CALL|CALL,2026-03-24,TARGET_HIT,2.39188,0,0,0,0,1,0,1,slippage anomaly
20260324T131500|BFO:SENSEX26MAR74000CE|CONTINUATION_CALL|CALL,2026-03-24,EARLY_RISK_EXIT,10.652606,0,0,0,0,0,1,0,loss looks strategy-policy driven
20260324T132002|BFO:SENSEX26MAR74400PE|REVERSAL_PUT|PUT,2026-03-24,TARGET_HIT,3.543798,0,0,0,0,0,0,0,
20260324T132522|BFO:SENSEX26MAR74500PE|REVERSAL_PUT|PUT,2026-03-24,EARLY_RISK_EXIT,10.536143,0,0,0,0,0,1,0,loss looks strategy-policy driven
20260324T133507|BFO:SENSEX26MAR74200CE|CONTINUATION_CALL|CALL,2026-03-24,TARGET_HIT,2.512779,0,0,0,0,0,0,0,
20260324T134001|BFO:SENSEX26MAR74600PE|CONTINUATION_PUT|PUT,2026-03-24,TARGET_HIT,2.196714,0,0,0,0,1,0,1,slippage anomaly
20260324T134506|BFO:SENSEX26MAR74200CE|CONTINUATION_CALL|CALL,2026-03-24,TARGET_HIT,1.101696,0,0,0,0,0,0,0,
20260324T135000|BFO:SENSEX26MAR74400PE|CONTINUATION_PUT|PUT,2026-03-24,EARLY_RISK_EXIT,11.133702,0,0,0,0,0,1,0,loss looks strategy-policy driven
20260324T135503|BFO:SENSEX26MAR74000CE|CONTINUATION_CALL|CALL,2026-03-24,TARGET_HIT,1.090324,0,0,0,0,1,0,1,slippage anomaly
20260324T140014|BFO:SENSEX26MAR74400PE|REVERSAL_PUT|PUT,2026-03-24,TARGET_HIT,1.091266,0,0,0,0,0,0,0,
20260324T140504|BFO:SENSEX26MAR74400PE|CONTINUATION_PUT|PUT,2026-03-24,TARGET_HIT,9.929018,0,0,0,0,0,0,0,
20260324T141003|BFO:SENSEX26MAR74000CE|CONTINUATION_CALL|CALL,2026-03-24,EARLY_RISK_EXIT,11.019266,0,0,0,0,0,1,0,loss looks strategy-policy driven
20260324T141502|BFO:SENSEX26MAR74100CE|CONTINUATION_CALL|CALL,2026-03-24,TARGET_HIT,1.095384,0,0,0,0,0,0,0,
20260324T142002|BFO:SENSEX26MAR74400PE|CONTINUATION_PUT|PUT,2026-03-24,EARLY_RISK_EXIT,11.076647,0,0,0,0,0,1,0,loss looks strategy-policy driven
20260324T143001|BFO:SENSEX26MAR74300PE|CONTINUATION_PUT|PUT,2026-03-24,TARGET_HIT,9.037582,0,0,0,0,0,0,0,
20260324T143509|BFO:SENSEX26MAR74000CE|REVERSAL_CALL|CALL,2026-03-24,EARLY_RISK_EXIT,10.108981,0,0,0,0,0,1,0,loss looks strategy-policy driven
20260324T144023|BFO:SENSEX26MAR74200PE|CONTINUATION_PUT|PUT,2026-03-24,TARGET_HIT,7.786108,0,0,0,0,1,0,1,slippage anomaly
20260324T144521|BFO:SENSEX26MAR73900CE|CONTINUATION_CALL|CALL,2026-03-24,TARGET_HIT,3.286337,0,0,0,0,0,0,0,
20260324T145000|BFO:SENSEX26MAR73900CE|CONTINUATION_CALL|CALL,2026-03-24,TARGET_HIT,1.103544,0,0,0,0,1,0,1,slippage anomaly
20260325T093510|BFO:SENSEX26MAR74800CE|REVERSAL_CALL|CALL,2026-03-25,EARLY_RISK_EXIT,11.053269,0,0,0,0,0,1,0,loss looks strategy-policy driven
20260325T094032|BFO:SENSEX26MAR75200PE|CONTINUATION_PUT|PUT,2026-03-25,TARGET_HIT,21.041633,0,0,0,0,0,0,0,
20260325T094502|BFO:SENSEX26MAR75000CE|CONTINUATION_CALL|CALL,2026-03-25,EARLY_RISK_EXIT,10.63608,0,0,0,0,0,1,0,loss looks strategy-policy driven
20260325T095004|BFO:SENSEX26MAR75000CE|CONTINUATION_CALL|CALL,2026-03-25,TARGET_HIT,8.86463,0,0,0,0,0,0,0,
20260325T095521|BFO:SENSEX26MAR75000CE|CONTINUATION_CALL|CALL,2026-03-25,TARGET_HIT,1.121538,0,0,0,0,0,0,0,
20260325T100002|BFO:SENSEX26MAR75400PE|REVERSAL_PUT|PUT,2026-03-25,EARLY_RISK_EXIT,10.13558,0,0,0,0,0,1,0,loss looks strategy-policy driven
20260325T100503|BFO:SENSEX26MAR75400PE|CONTINUATION_PUT|PUT,2026-03-25,TARGET_HIT,13.394015,0,0,0,0,0,0,0,
20260325T101007|BFO:SENSEX26MAR75000CE|CONTINUATION_CALL|CALL,2026-03-25,TARGET_HIT,3.331958,0,0,0,0,0,0,0,
20260325T101501|BFO:SENSEX26MAR75100CE|CONTINUATION_CALL|CALL,2026-03-25,TARGET_HIT,9.011639,0,0,0,0,0,0,0,
20260325T102013|BFO:SENSEX26MAR75500PE|CONTINUATION_PUT|PUT,2026-03-25,TARGET_HIT,4.196073,0,0,0,0,1,0,1,slippage anomaly
20260325T103005|BFO:SENSEX26MAR75100CE|CONTINUATION_CALL|CALL,2026-03-25,TARGET_HIT,7.868005,0,0,0,0,0,0,0,
20260325T103501|BFO:SENSEX26MAR75500PE|CONTINUATION_PUT|PUT,2026-03-25,TARGET_HIT,2.265249,0,0,0,0,0,0,0,
20260325T104032|BFO:SENSEX26MAR75100CE|CONTINUATION_CALL|CALL,2026-03-25,TARGET_HIT,33.546402,0,0,0,0,0,0,0,
20260325T104539|BFO:SENSEX26MAR75300CE|CONTINUATION_CALL|CALL,2026-03-25,TARGET_HIT,14.348267,0,0,0,0,0,0,0,
20260325T110503|BFO:SENSEX26MAR75400CE|CONTINUATION_CALL|CALL,2026-03-25,TARGET_HIT,5.594754,0,0,0,0,0,0,0,
20260325T111014|BFO:SENSEX26MAR75500CE|CONTINUATION_CALL|CALL,2026-03-25,TARGET_HIT,2.198044,0,0,0,0,0,0,0,
20260325T112037|BFO:SENSEX26MAR75900PE|CONTINUATION_PUT|PUT,2026-03-25,TARGET_HIT,3.330757,0,0,0,0,0,0,0,
20260325T112500|BFO:SENSEX26MAR75800PE|CONTINUATION_PUT|PUT,2026-03-25,EARLY_RISK_EXIT,11.119389,0,0,0,0,0,1,0,loss looks strategy-policy driven
20260325T113006|BFO:SENSEX26MAR75400CE|CONTINUATION_CALL|CALL,2026-03-25,TARGET_HIT,5.853158,0,0,0,0,0,0,0,
20260325T113500|BFO:SENSEX26MAR75800PE|CONTINUATION_PUT|PUT,2026-03-25,TARGET_HIT,2.312048,0,0,0,0,0,0,0,
20260325T114514|BFO:SENSEX26MAR75300CE|CONTINUATION_CALL|CALL,2026-03-25,TARGET_HIT,4.467416,0,0,0,0,0,0,0,
20260325T115000|BFO:SENSEX26MAR75400CE|CONTINUATION_CALL|CALL,2026-03-25,TARGET_HIT,7.991379,0,0,0,0,0,0,0,
20260325T115502|BFO:SENSEX26MAR75500CE|CONTINUATION_CALL|CALL,2026-03-25,TARGET_HIT,3.461317,0,0,0,0,0,0,0,
20260325T120011|BFO:SENSEX26MAR75800PE|CONTINUATION_PUT|PUT,2026-03-25,EARLY_RISK_EXIT,10.273776,0,0,0,0,0,1,0,loss looks strategy-policy driven
20260325T120503|BFO:SENSEX26MAR75500CE|CONTINUATION_CALL|CALL,2026-03-25,HARD_STOP_EXIT,33.517279,0,0,0,0,0,1,0,loss looks strategy-policy driven
20260325T121003|BFO:SENSEX26MAR75800PE|CONTINUATION_PUT|PUT,2026-03-25,TARGET_HIT,4.426561,0,0,0,0,0,0,0,
20260325T122010|BFO:SENSEX26MAR75600CE|REVERSAL_CALL|CALL,2026-03-25,EARLY_RISK_EXIT,10.444301,0,0,0,0,0,1,0,loss looks strategy-policy driven
20260325T122509|BFO:SENSEX26MAR75900PE|REVERSAL_PUT|PUT,2026-03-25,TARGET_HIT,3.878864,0,0,0,0,0,0,0,
20260325T123006|BFO:SENSEX26MAR75900PE|CONTINUATION_PUT|PUT,2026-03-25,TARGET_HIT,2.227963,0,0,0,0,0,0,0,
20260325T123502|BFO:SENSEX26MAR75600CE|CONTINUATION_CALL|CALL,2026-03-25,TARGET_HIT,18.034224,0,0,0,0,0,0,0,
20260325T124015|BFO:SENSEX26MAR75900PE|CONTINUATION_PUT|PUT,2026-03-25,TARGET_HIT,9.105403,0,0,0,0,0,0,0,
20260325T125012|BFO:SENSEX26MAR75900PE|CONTINUATION_PUT|PUT,2026-03-25,EARLY_RISK_EXIT,10.179464,0,0,0,0,0,1,0,loss looks strategy-policy driven
20260325T130008|BFO:SENSEX26MAR75700PE|CONTINUATION_PUT|PUT,2026-03-25,TARGET_HIT,1.418938,0,0,0,0,0,0,0,
20260325T131008|BFO:SENSEX26MAR75800PE|CONTINUATION_PUT|PUT,2026-03-25,EARLY_RISK_EXIT,10.485536,0,0,0,0,0,1,0,loss looks strategy-policy driven
20260325T131534|BFO:SENSEX26MAR75800PE|REVERSAL_PUT|PUT,2026-03-25,TARGET_HIT,3.404039,0,0,0,0,0,0,0,
20260325T132003|BFO:SENSEX26MAR75700PE|CONTINUATION_PUT|PUT,2026-03-25,TARGET_HIT,1.124502,0,0,0,0,0,0,0,
20260325T132513|BFO:SENSEX26MAR75400CE|CONTINUATION_CALL|CALL,2026-03-25,EARLY_RISK_EXIT,10.338815,0,0,0,0,0,1,0,loss looks strategy-policy driven
20260325T133003|BFO:SENSEX26MAR75400CE|CONTINUATION_CALL|CALL,2026-03-25,TARGET_HIT,3.776782,0,0,0,0,0,0,0,
20260325T133503|BFO:SENSEX26MAR75500CE|CONTINUATION_CALL|CALL,2026-03-25,PATH_RISK_EXIT,30.652663,0,0,0,0,0,1,0,loss looks strategy-policy driven
20260325T134001|BFO:SENSEX26MAR75500CE|CONTINUATION_CALL|CALL,2026-03-25,EARLY_RISK_EXIT,10.084601,0,0,0,0,0,1,0,loss looks strategy-policy driven
20260325T134505|BFO:SENSEX26MAR75500CE|CONTINUATION_CALL|CALL,2026-03-25,TARGET_HIT,8.122984,0,0,0,0,0,0,0,
20260325T135025|BFO:SENSEX26MAR75500CE|CONTINUATION_CALL|CALL,2026-03-25,EARLY_RISK_EXIT,10.282892,0,0,0,0,0,1,0,loss looks strategy-policy driven
20260325T135528|BFO:SENSEX26MAR75900PE|CONTINUATION_PUT|PUT,2026-03-25,TARGET_HIT,10.692149,0,0,0,0,0,0,0,
20260325T140004|BFO:SENSEX26MAR75500CE|REVERSAL_CALL|CALL,2026-03-25,TARGET_HIT,12.490812,0,0,0,0,0,0,0,
20260325T141508|BFO:SENSEX26MAR75700PE|CONTINUATION_PUT|PUT,2026-03-25,TARGET_HIT,2.309592,0,0,0,0,0,0,0,
20260325T142002|BFO:SENSEX26MAR75700PE|CONTINUATION_PUT|PUT,2026-03-25,EARLY_RISK_EXIT,10.192988,0,0,0,0,0,1,0,loss looks strategy-policy driven
20260325T142501|BFO:SENSEX26MAR75500PE|CONTINUATION_PUT|PUT,2026-03-25,TARGET_HIT,3.37235,0,0,0,0,0,0,0,
20260325T143018|BFO:SENSEX26MAR75500PE|REVERSAL_PUT|PUT,2026-03-25,TARGET_HIT,2.22207,0,0,0,0,1,0,1,slippage anomaly
20260325T143501|BFO:SENSEX26MAR75600PE|CONTINUATION_PUT|PUT,2026-03-25,TARGET_HIT,9.990945,0,0,0,0,0,0,0,
20260325T144009|BFO:SENSEX26MAR75200CE|CONTINUATION_CALL|CALL,2026-03-25,TARGET_HIT,1.115529,0,0,0,0,1,0,1,slippage anomaly
20260325T144516|BFO:SENSEX26MAR75300CE|CONTINUATION_CALL|CALL,2026-03-25,EARLY_RISK_EXIT,16.346986,0,0,0,0,0,1,0,loss looks strategy-policy driven
20260327T092001|BFO:SENSEX2640274600PE|CONTINUATION_PUT|PUT,2026-03-27,TARGET_HIT,1.118546,0,0,0,0,0,0,0,
20260327T093002|BFO:SENSEX2640274600PE|CONTINUATION_PUT|PUT,2026-03-27,TARGET_HIT,1.128553,0,0,0,0,0,0,0,
20260327T093501|BFO:SENSEX2640274500PE|CONTINUATION_PUT|PUT,2026-03-27,TARGET_HIT,1.12475,0,0,0,0,1,0,1,slippage anomaly
20260327T094001|BFO:SENSEX2640274100CE|CONTINUATION_CALL|CALL,2026-03-27,TARGET_HIT,2.245051,0,0,0,0,0,0,0,
20260327T095010|BFO:SENSEX2640274600PE|CONTINUATION_PUT|PUT,2026-03-27,TARGET_HIT,5.683753,0,0,0,0,0,0,0,
20260327T095502|BFO:SENSEX2640274500PE|CONTINUATION_PUT|PUT,2026-03-27,TARGET_HIT,11.37419,0,0,0,0,0,0,0,
20260327T100001|BFO:SENSEX2640274400PE|CONTINUATION_PUT|PUT,2026-03-27,TARGET_HIT,24.168941,0,0,0,0,0,0,0,
20260327T101000|BFO:SENSEX2640274500PE|CONTINUATION_PUT|PUT,2026-03-27,TARGET_HIT,1.134365,0,0,0,0,0,0,0,
20260327T101508|BFO:SENSEX2640274400PE|CONTINUATION_PUT|PUT,2026-03-27,EARLY_RISK_EXIT,10.262788,0,0,0,0,0,1,0,loss looks strategy-policy driven
20260327T102005|BFO:SENSEX2640274400PE|CONTINUATION_PUT|PUT,2026-03-27,EARLY_RISK_EXIT,10.288607,0,0,0,0,0,1,0,loss looks strategy-policy driven
20260327T102536|BFO:SENSEX2640274100CE|CONTINUATION_CALL|CALL,2026-03-27,TARGET_HIT,5.494853,0,0,0,0,0,0,0,
20260327T104500|BFO:SENSEX2640274400PE|CONTINUATION_PUT|PUT,2026-03-27,TARGET_HIT,4.371698,0,0,0,0,0,0,0,
20260327T105001|BFO:SENSEX2640274400PE|CONTINUATION_PUT|PUT,2026-03-27,EARLY_RISK_EXIT,10.139897,0,0,0,0,0,1,0,loss looks strategy-policy driven
20260327T105502|BFO:SENSEX2640274300PE|CONTINUATION_PUT|PUT,2026-03-27,TARGET_HIT,4.431399,0,0,0,0,0,0,0,
20260327T110027|BFO:SENSEX2640274000CE|CONTINUATION_CALL|CALL,2026-03-27,TARGET_HIT,2.207426,0,0,0,0,0,0,0,
20260327T111011|BFO:SENSEX2640274000CE|CONTINUATION_CALL|CALL,2026-03-27,TARGET_HIT,11.115577,0,0,0,0,0,0,0,
20260327T111512|BFO:SENSEX2640274400PE|CONTINUATION_PUT|PUT,2026-03-27,TARGET_HIT,12.157899,0,0,0,0,0,0,0,
20260327T112026|BFO:SENSEX2640274300PE|CONTINUATION_PUT|PUT,2026-03-27,HARD_STOP_EXIT,31.243264,0,0,0,0,0,1,0,loss looks strategy-policy driven
20260327T112504|BFO:SENSEX2640274300PE|CONTINUATION_PUT|PUT,2026-03-27,EARLY_RISK_EXIT,12.199304,0,0,0,0,0,1,0,loss looks strategy-policy driven
20260327T113501|BFO:SENSEX2640273800CE|CONTINUATION_CALL|CALL,2026-03-27,HARD_STOP_EXIT,31.233534,0,0,0,0,0,1,0,loss looks strategy-policy driven
20260327T114036|BFO:SENSEX2640273900CE|CONTINUATION_CALL|CALL,2026-03-27,TARGET_HIT,21.006464,0,0,0,0,0,0,0,
20260327T114505|BFO:SENSEX2640274300PE|CONTINUATION_PUT|PUT,2026-03-27,EARLY_RISK_EXIT,10.526141,0,0,0,0,0,1,0,loss looks strategy-policy driven
20260327T115025|BFO:SENSEX2640273900CE|REVERSAL_CALL|CALL,2026-03-27,TARGET_HIT,13.234216,0,0,0,0,0,0,0,
20260327T120002|BFO:SENSEX2640274200PE|CONTINUATION_PUT|PUT,2026-03-27,TARGET_HIT,6.630203,0,0,0,0,0,0,0,
20260327T120502|BFO:SENSEX2640274200PE|CONTINUATION_PUT|PUT,2026-03-27,PATH_RISK_EXIT,33.955007,0,0,0,0,0,1,0,loss looks strategy-policy driven
20260327T121001|BFO:SENSEX2640274200PE|CONTINUATION_PUT|PUT,2026-03-27,TARGET_HIT,3.47071,0,0,0,0,0,0,0,
20260327T121509|BFO:SENSEX2640274200PE|CONTINUATION_PUT|PUT,2026-03-27,TARGET_HIT,16.21932,0,0,0,0,1,0,1,slippage anomaly
20260327T122014|BFO:SENSEX2640274100PE|CONTINUATION_PUT|PUT,2026-03-27,EARLY_RISK_EXIT,10.555896,0,0,0,0,0,1,0,loss looks strategy-policy driven
20260327T122500|BFO:SENSEX2640273800CE|CONTINUATION_CALL|CALL,2026-03-27,TARGET_HIT,7.194975,0,0,0,0,0,0,0,
20260327T123503|BFO:SENSEX2640274300PE|CONTINUATION_PUT|PUT,2026-03-27,TARGET_HIT,12.736097,0,0,0,0,0,0,0,
20260327T124032|BFO:SENSEX2640274300PE|CONTINUATION_PUT|PUT,2026-03-27,TARGET_HIT,9.242717,0,0,0,0,0,0,0,
20260327T124506|BFO:SENSEX2640273900CE|CONTINUATION_CALL|CALL,2026-03-27,HARD_STOP_EXIT,31.145226,0,0,0,0,0,1,0,loss looks strategy-policy driven
20260327T125026|BFO:SENSEX2640273900CE|REVERSAL_CALL|CALL,2026-03-27,TARGET_HIT,8.012575,0,0,0,0,0,0,0,
20260327T125525|BFO:SENSEX2640274300PE|CONTINUATION_PUT|PUT,2026-03-27,TARGET_HIT,11.534738,0,0,0,0,0,0,0,
20260327T131014|BFO:SENSEX2640273800CE|CONTINUATION_CALL|CALL,2026-03-27,TARGET_HIT,16.207199,0,0,0,0,0,0,0,
20260327T131531|BFO:SENSEX2640273800CE|CONTINUATION_CALL|CALL,2026-03-27,EARLY_RISK_EXIT,10.493747,0,0,0,0,0,1,0,loss looks strategy-policy driven
20260327T133001|BFO:SENSEX2640274200PE|CONTINUATION_PUT|PUT,2026-03-27,TARGET_HIT,1.184517,0,0,0,0,0,0,0,
20260327T133503|BFO:SENSEX2640274100PE|CONTINUATION_PUT|PUT,2026-03-27,TARGET_HIT,26.432975,0,0,0,0,0,0,0,
20260327T134002|BFO:SENSEX2640274100PE|CONTINUATION_PUT|PUT,2026-03-27,TARGET_HIT,2.279023,0,0,0,0,0,0,0,
20260327T134505|BFO:SENSEX2640273800CE|CONTINUATION_CALL|CALL,2026-03-27,EARLY_RISK_EXIT,10.506809,0,0,0,0,0,1,0,loss looks strategy-policy driven
20260327T135511|BFO:SENSEX2640273800CE|CONTINUATION_CALL|CALL,2026-03-27,TARGET_HIT,1.125717,0,0,0,0,0,0,0,
20260327T140009|BFO:SENSEX2640274100PE|CONTINUATION_PUT|PUT,2026-03-27,TARGET_HIT,28.711255,0,0,0,0,0,0,0,
20260327T140500|BFO:SENSEX2640274100PE|CONTINUATION_PUT|PUT,2026-03-27,EARLY_RISK_EXIT,10.82374,0,0,0,0,0,1,0,loss looks strategy-policy driven
20260327T141010|BFO:SENSEX2640274100PE|CONTINUATION_PUT|PUT,2026-03-27,TARGET_HIT,8.050538,0,0,0,0,0,0,0,
20260327T143006|BFO:SENSEX2640274000PE|REVERSAL_PUT|PUT,2026-03-27,EARLY_RISK_EXIT,10.469485,0,0,0,0,0,1,0,loss looks strategy-policy driven
20260327T143538|BFO:SENSEX2640273900PE|CONTINUATION_PUT|PUT,2026-03-27,EARLY_RISK_EXIT,10.458699,0,0,0,0,0,1,0,loss looks strategy-policy driven
20260327T144007|BFO:SENSEX2640273800PE|CONTINUATION_PUT|PUT,2026-03-27,EARLY_RISK_EXIT,10.383392,0,0,0,0,0,1,0,loss looks strategy-policy driven
20260327T144515|BFO:SENSEX2640273500CE|CONTINUATION_CALL|CALL,2026-03-27,TARGET_HIT,1.18538,0,0,0,0,0,0,0,
20260330T092006|BFO:SENSEX2640272400CE|REVERSAL_CALL|CALL,2026-03-30,EARLY_RISK_EXIT,10.107683,0,0,0,0,0,1,0,loss looks strategy-policy driven
20260330T092504|BFO:SENSEX2640272700PE|REVERSAL_PUT|PUT,2026-03-30,EARLY_RISK_EXIT,10.241619,0,0,0,0,0,1,0,loss looks strategy-policy driven
20260330T093002|BFO:SENSEX2640272500CE|CONTINUATION_CALL|CALL,2026-03-30,TARGET_HIT,1.102312,0,0,0,0,0,0,0,
20260330T094001|BFO:SENSEX2640273200PE|CONTINUATION_PUT|PUT,2026-03-30,TARGET_HIT,1.096488,0,0,0,0,0,0,0,
20260330T095006|BFO:SENSEX2640273100PE|CONTINUATION_PUT|PUT,2026-03-30,TARGET_HIT,3.423729,0,0,0,0,0,0,0,
20260330T095501|BFO:SENSEX2640273000PE|CONTINUATION_PUT|PUT,2026-03-30,TARGET_HIT,2.19377,0,0,0,0,0,0,0,
20260330T100032|BFO:SENSEX2640273000PE|CONTINUATION_PUT|PUT,2026-03-30,EARLY_RISK_EXIT,11.221869,0,0,0,0,0,1,0,loss looks strategy-policy driven
20260330T101004|BFO:SENSEX2640273000PE|CONTINUATION_PUT|PUT,2026-03-30,EARLY_RISK_EXIT,11.119198,0,0,0,0,0,1,0,loss looks strategy-policy driven
20260330T102013|BFO:SENSEX2640272900PE|CONTINUATION_PUT|PUT,2026-03-30,TARGET_HIT,2.279842,0,0,0,0,0,0,0,
20260330T102505|BFO:SENSEX2640272800PE|CONTINUATION_PUT|PUT,2026-03-30,EARLY_RISK_EXIT,11.216026,0,0,0,0,0,1,0,loss looks strategy-policy driven
20260330T103000|BFO:SENSEX2640272800PE|CONTINUATION_PUT|PUT,2026-03-30,EARLY_RISK_EXIT,10.08672,0,0,0,0,0,1,0,loss looks strategy-policy driven
20260330T103511|BFO:SENSEX2640272400CE|REVERSAL_CALL|CALL,2026-03-30,HARD_STOP_EXIT,30.998047,0,0,0,0,0,1,0,loss looks strategy-policy driven
20260330T104000|BFO:SENSEX2640272400CE|CONTINUATION_CALL|CALL,2026-03-30,TARGET_HIT,2.185303,0,0,0,0,0,0,0,
20260330T104503|BFO:SENSEX2640272700PE|CONTINUATION_PUT|PUT,2026-03-30,TARGET_HIT,2.287169,0,0,0,0,0,0,0,
20260330T105024|BFO:SENSEX2640272400CE|CONTINUATION_CALL|CALL,2026-03-30,TARGET_HIT,13.330209,0,0,0,0,0,0,0,
20260330T105501|BFO:SENSEX2640272700PE|CONTINUATION_PUT|PUT,2026-03-30,TARGET_HIT,4.545874,0,0,0,0,0,0,0,
20260330T111001|BFO:SENSEX2640272600PE|CONTINUATION_PUT|PUT,2026-03-30,TARGET_HIT,11.476804,0,0,0,0,0,0,0,
20260330T111502|BFO:SENSEX2640272200CE|CONTINUATION_CALL|CALL,2026-03-30,EARLY_RISK_EXIT,10.264397,0,0,0,0,0,1,0,loss looks strategy-policy driven
20260330T112000|BFO:SENSEX2640272200CE|REVERSAL_CALL|CALL,2026-03-30,EARLY_RISK_EXIT,10.305491,0,0,0,0,0,1,0,loss looks strategy-policy driven
20260330T112502|BFO:SENSEX2640272200CE|REVERSAL_CALL|CALL,2026-03-30,EARLY_RISK_EXIT,10.430087,0,0,0,0,0,1,0,loss looks strategy-policy driven
20260330T113008|BFO:SENSEX2640272600PE|CONTINUATION_PUT|PUT,2026-03-30,TARGET_HIT,9.17897,0,0,0,0,0,0,0,
20260330T113503|BFO:SENSEX2640272300CE|CONTINUATION_CALL|CALL,2026-03-30,TARGET_HIT,2.299811,0,0,0,0,0,0,0,
20260330T114001|BFO:SENSEX2640272300CE|CONTINUATION_CALL|CALL,2026-03-30,EARLY_RISK_EXIT,10.250236,0,0,0,0,0,1,0,loss looks strategy-policy driven
20260330T114501|BFO:SENSEX2640272600PE|CONTINUATION_PUT|PUT,2026-03-30,TARGET_HIT,2.244266,0,0,0,0,0,0,0,
20260330T115006|BFO:SENSEX2640272600PE|CONTINUATION_PUT|PUT,2026-03-30,TARGET_HIT,15.846423,0,0,0,0,0,0,0,
20260330T120501|BFO:SENSEX2640272400CE|CONTINUATION_CALL|CALL,2026-03-30,TARGET_HIT,7.891358,0,0,0,0,0,0,0,
20260330T121002|BFO:SENSEX2640272500CE|CONTINUATION_CALL|CALL,2026-03-30,TARGET_HIT,15.724634,0,0,0,0,0,0,0,
20260330T121510|BFO:SENSEX2640272500CE|CONTINUATION_CALL|CALL,2026-03-30,HARD_STOP_EXIT,30.574438,0,0,0,0,0,1,0,loss looks strategy-policy driven
20260330T122020|BFO:SENSEX2640272500CE|REVERSAL_CALL|CALL,2026-03-30,EARLY_RISK_EXIT,10.195542,0,0,0,0,0,1,0,loss looks strategy-policy driven
20260330T122504|BFO:SENSEX2640272800PE|CONTINUATION_PUT|PUT,2026-03-30,TARGET_HIT,1.153733,0,0,0,0,0,0,0,
20260330T123538|BFO:SENSEX2640272300CE|CONTINUATION_CALL|CALL,2026-03-30,TARGET_HIT,1.212944,0,0,0,0,0,0,0,
20260330T124510|BFO:SENSEX2640272900PE|CONTINUATION_PUT|PUT,2026-03-30,TARGET_HIT,10.17429,0,0,0,0,0,0,0,
20260330T125029|BFO:SENSEX2640272800PE|CONTINUATION_PUT|PUT,2026-03-30,HARD_STOP_EXIT,32.745005,0,0,0,0,0,1,0,loss looks strategy-policy driven
20260330T125514|BFO:SENSEX2640272700PE|CONTINUATION_PUT|PUT,2026-03-30,TARGET_HIT,5.553143,0,0,0,0,0,0,0,
20260330T130005|BFO:SENSEX2640272300CE|CONTINUATION_CALL|CALL,2026-03-30,TARGET_HIT,7.954954,0,0,0,0,0,0,0,
20260330T130501|BFO:SENSEX2640272700PE|CONTINUATION_PUT|PUT,2026-03-30,TARGET_HIT,2.229608,0,0,0,0,0,0,0,
20260330T131001|BFO:SENSEX2640272300CE|CONTINUATION_CALL|CALL,2026-03-30,TARGET_HIT,5.510339,0,0,0,0,0,0,0,
20260330T131507|BFO:SENSEX2640272300CE|CONTINUATION_CALL|CALL,2026-03-30,EARLY_RISK_EXIT,14.78548,0,0,0,0,0,1,0,loss looks strategy-policy driven
20260330T132517|BFO:SENSEX2640272600PE|REVERSAL_PUT|PUT,2026-03-30,TARGET_HIT,1.109116,0,0,0,0,1,0,1,slippage anomaly
20260330T133004|BFO:SENSEX2640272600PE|CONTINUATION_PUT|PUT,2026-03-30,TARGET_HIT,11.10152,0,0,0,0,0,0,0,
20260330T133502|BFO:SENSEX2640272200CE|CONTINUATION_CALL|CALL,2026-03-30,TARGET_HIT,9.079702,0,0,0,0,0,0,0,
20260330T134001|BFO:SENSEX2640272200CE|CONTINUATION_CALL|CALL,2026-03-30,TARGET_HIT,6.708903,0,0,0,0,0,0,0,
20260330T134505|BFO:SENSEX2640272500PE|CONTINUATION_PUT|PUT,2026-03-30,TARGET_HIT,1.109962,0,0,0,0,0,0,0,
20260330T135000|BFO:SENSEX2640272500PE|CONTINUATION_PUT|PUT,2026-03-30,EARLY_RISK_EXIT,11.118387,0,0,0,0,0,1,0,loss looks strategy-policy driven
20260330T135500|BFO:SENSEX2640272400PE|CONTINUATION_PUT|PUT,2026-03-30,TARGET_HIT,6.5922,0,0,0,0,0,0,0,
20260330T140036|BFO:SENSEX2640272100CE|CONTINUATION_CALL|CALL,2026-03-30,TARGET_HIT,12.204553,0,0,0,0,0,0,0,
20260330T141001|BFO:SENSEX2640272500PE|CONTINUATION_PUT|PUT,2026-03-30,TARGET_HIT,5.493339,0,0,0,0,0,0,0,
20260330T141503|BFO:SENSEX2640272400PE|CONTINUATION_PUT|PUT,2026-03-30,EARLY_RISK_EXIT,10.130961,0,0,0,0,0,1,0,loss looks strategy-policy driven
20260330T142500|BFO:SENSEX2640272300PE|CONTINUATION_PUT|PUT,2026-03-30,EARLY_RISK_EXIT,10.135812,0,0,0,0,0,1,0,loss looks strategy-policy driven
20260330T143026|BFO:SENSEX2640272300PE|CONTINUATION_PUT|PUT,2026-03-30,EARLY_RISK_EXIT,10.198116,0,0,0,0,0,1,0,loss looks strategy-policy driven
20260330T143501|BFO:SENSEX2640272200PE|CONTINUATION_PUT|PUT,2026-03-30,TARGET_HIT,1.101971,0,0,0,0,0,0,0,
20260330T144002|BFO:SENSEX2640271800CE|REVERSAL_CALL|CALL,2026-03-30,TARGET_HIT,4.381525,0,0,0,0,1,0,1,slippage anomaly
20260330T144501|BFO:SENSEX2640271900CE|CONTINUATION_CALL|CALL,2026-03-30,TARGET_HIT,2.199251,0,0,0,0,0,0,0,
20260330T145008|BFO:SENSEX2640271900CE|REVERSAL_CALL|CALL,2026-03-30,EARLY_RISK_EXIT,11.19695,0,0,0,0,0,1,0,loss looks strategy-policy driven
20260401T092011|BFO:SENSEX2640273600CE|REVERSAL_CALL|CALL,2026-04-01,TARGET_HIT,0.520443,0,0,1,1,1,0,1,stale quote observed; missing early updates; slippage anomaly
20260401T092501|BFO:SENSEX2640273600CE|CONTINUATION_CALL|CALL,2026-04-01,TARGET_HIT,4.077001,0,0,1,0,0,0,1,stale quote observed
20260401T093005|BFO:SENSEX2640273700CE|CONTINUATION_CALL|CALL,2026-04-01,TARGET_HIT,1.403747,0,0,1,1,0,0,1,stale quote observed; missing early updates
20260401T093501|BFO:SENSEX2640273800PE|CONTINUATION_PUT|PUT,2026-04-01,TARGET_HIT,0.844126,0,0,1,1,0,0,1,stale quote observed; missing early updates
20260401T094027|BFO:SENSEX2640273400CE|REVERSAL_CALL|CALL,2026-04-01,TARGET_HIT,2.30598,0,0,1,1,0,0,1,stale quote observed; missing early updates
20260401T094516|BFO:SENSEX2640273500CE|CONTINUATION_CALL|CALL,2026-04-01,TARGET_HIT,6.825176,0,0,1,1,0,0,1,stale quote observed; missing early updates
20260401T095039|BFO:SENSEX2640273600CE|CONTINUATION_CALL|CALL,2026-04-01,EARLY_RISK_EXIT,11.628916,0,0,1,1,0,0,1,stale quote observed; missing early updates
20260401T095505|BFO:SENSEX2640273700CE|CONTINUATION_CALL|CALL,2026-04-01,TARGET_HIT,1.643204,0,0,1,1,1,0,1,stale quote observed; missing early updates; slippage anomaly
20260401T100019|BFO:SENSEX2640274000PE|CONTINUATION_PUT|PUT,2026-04-01,EARLY_RISK_EXIT,12.088028,0,0,1,1,0,0,1,stale quote observed; missing early updates
20260401T100511|BFO:SENSEX2640273700CE|CONTINUATION_CALL|CALL,2026-04-01,TARGET_HIT,28.584997,0,0,1,1,1,0,1,stale quote observed; missing early updates; slippage anomaly
20260401T101005|BFO:SENSEX2640274000PE|CONTINUATION_PUT|PUT,2026-04-01,TARGET_HIT,0.03889,0,0,1,0,0,0,1,stale quote observed
20260401T102005|BFO:SENSEX2640273500CE|CONTINUATION_CALL|CALL,2026-04-01,EARLY_RISK_EXIT,12.030709,0,0,1,1,0,0,1,stale quote observed; missing early updates
20260401T102513|BFO:SENSEX2640273800PE|CONTINUATION_PUT|PUT,2026-04-01,TARGET_HIT,5.131444,0,0,0,0,0,0,0,
20260401T103022|BFO:SENSEX2640273700PE|CONTINUATION_PUT|PUT,2026-04-01,TARGET_HIT,0.561742,0,0,1,1,0,0,1,stale quote observed; missing early updates
20260401T103515|BFO:SENSEX2640273300CE|CONTINUATION_CALL|CALL,2026-04-01,TARGET_HIT,5.357886,0,0,1,1,0,0,1,stale quote observed; missing early updates
20260401T104512|BFO:SENSEX2640273700PE|REVERSAL_PUT|PUT,2026-04-01,TARGET_HIT,1.059217,0,0,0,0,0,0,0,
20260401T105015|BFO:SENSEX2640273700PE|CONTINUATION_PUT|PUT,2026-04-01,TARGET_HIT,1.301461,0,0,1,1,0,0,1,stale quote observed; missing early updates
20260401T105510|BFO:SENSEX2640273700PE|CONTINUATION_PUT|PUT,2026-04-01,TARGET_HIT,3.086427,0,0,0,0,0,0,0,
20260401T110001|BFO:SENSEX2640273600PE|CONTINUATION_PUT|PUT,2026-04-01,TARGET_HIT,-0.702995,0,0,1,1,0,0,1,stale quote observed; missing early updates
20260401T110503|BFO:SENSEX2640273600PE|CONTINUATION_PUT|PUT,2026-04-01,TARGET_HIT,4.936848,0,0,1,1,0,0,1,stale quote observed; missing early updates
20260401T111018|BFO:SENSEX2640273200CE|CONTINUATION_CALL|CALL,2026-04-01,TARGET_HIT,2.45836,0,0,1,1,0,0,1,stale quote observed; missing early updates
20260401T112006|BFO:SENSEX2640273200CE|CONTINUATION_CALL|CALL,2026-04-01,EARLY_RISK_EXIT,11.989882,0,0,1,1,0,0,1,stale quote observed; missing early updates
20260401T112519|BFO:SENSEX2640273300CE|CONTINUATION_CALL|CALL,2026-04-01,TARGET_HIT,7.697235,0,0,1,1,0,0,1,stale quote observed; missing early updates
20260401T113030|BFO:SENSEX2640273300CE|CONTINUATION_CALL|CALL,2026-04-01,TARGET_HIT,5.989295,0,0,1,1,0,0,1,stale quote observed; missing early updates
20260401T113510|BFO:SENSEX2640273300CE|CONTINUATION_CALL|CALL,2026-04-01,EARLY_RISK_EXIT,13.140667,0,0,1,1,0,0,1,stale quote observed; missing early updates
20260401T114001|BFO:SENSEX2640273400CE|CONTINUATION_CALL|CALL,2026-04-01,TARGET_HIT,13.909515,0,0,1,1,0,0,1,stale quote observed; missing early updates
20260401T114502|BFO:SENSEX2640273700PE|CONTINUATION_PUT|PUT,2026-04-01,TARGET_HIT,5.656339,0,0,1,1,0,0,1,stale quote observed; missing early updates
20260401T115509|BFO:SENSEX2640273600PE|CONTINUATION_PUT|PUT,2026-04-01,TARGET_HIT,11.257929,0,0,1,1,0,0,1,stale quote observed; missing early updates
20260401T120007|BFO:SENSEX2640273300CE|CONTINUATION_CALL|CALL,2026-04-01,TARGET_HIT,0.735601,0,0,1,1,0,0,1,stale quote observed; missing early updates
20260401T120526|BFO:SENSEX2640273500CE|CONTINUATION_CALL|CALL,2026-04-01,TARGET_HIT,0.180587,0,0,0,0,0,0,0,
20260401T121025|BFO:SENSEX2640273900PE|REVERSAL_PUT|PUT,2026-04-01,TARGET_HIT,0.710666,0,0,1,1,0,0,1,stale quote observed; missing early updates
20260401T121509|BFO:SENSEX2640273500CE|CONTINUATION_CALL|CALL,2026-04-01,PATH_RISK_EXIT,33.168933,0,0,0,0,1,0,1,slippage anomaly
20260401T122013|BFO:SENSEX2640273900PE|CONTINUATION_PUT|PUT,2026-04-01,TARGET_HIT,2.651218,0,0,1,1,0,0,1,stale quote observed; missing early updates
20260401T122509|BFO:SENSEX2640273800PE|CONTINUATION_PUT|PUT,2026-04-01,TARGET_HIT,16.899392,0,0,1,1,0,0,1,stale quote observed; missing early updates
20260401T123002|BFO:SENSEX2640273500CE|REVERSAL_CALL|CALL,2026-04-01,TARGET_HIT,0.432557,0,0,1,1,0,0,1,stale quote observed; missing early updates
20260401T123531|BFO:SENSEX2640273800PE|CONTINUATION_PUT|PUT,2026-04-01,TARGET_HIT,5.405551,0,0,1,1,0,0,1,stale quote observed; missing early updates
20260401T124002|BFO:SENSEX2640273500CE|CONTINUATION_CALL|CALL,2026-04-01,TARGET_HIT,1.16375,0,0,0,0,0,0,0,
20260401T124521|BFO:SENSEX2640273500CE|REVERSAL_CALL|CALL,2026-04-01,TARGET_HIT,-0.436334,0,0,1,1,0,0,1,stale quote observed; missing early updates
20260401T125027|BFO:SENSEX2640273600CE|CONTINUATION_CALL|CALL,2026-04-01,EARLY_RISK_EXIT,11.885077,0,0,1,1,0,0,1,stale quote observed; missing early updates
20260401T125532|BFO:SENSEX2640273600CE|REVERSAL_CALL|CALL,2026-04-01,PATH_RISK_EXIT,34.610197,0,0,1,1,0,0,1,stale quote observed; missing early updates
20260401T130002|BFO:SENSEX2640274000PE|CONTINUATION_PUT|PUT,2026-04-01,HARD_STOP_EXIT,31.363111,0,0,1,0,0,0,1,stale quote observed
20260401T130506|BFO:SENSEX2640273600CE|CONTINUATION_CALL|CALL,2026-04-01,EARLY_RISK_EXIT,12.422945,0,0,1,1,0,0,1,stale quote observed; missing early updates
20260401T131505|BFO:SENSEX2640273600CE|CONTINUATION_CALL|CALL,2026-04-01,TARGET_HIT,-0.126212,0,0,1,1,0,0,1,stale quote observed; missing early updates
20260401T132002|BFO:SENSEX2640273900PE|CONTINUATION_PUT|PUT,2026-04-01,TARGET_HIT,4.432684,0,0,1,1,0,0,1,stale quote observed; missing early updates
20260401T133009|BFO:SENSEX2640273800PE|REVERSAL_PUT|PUT,2026-04-01,EARLY_RISK_EXIT,11.636594,0,0,1,0,0,0,1,stale quote observed
20260401T133503|BFO:SENSEX2640273700PE|CONTINUATION_PUT|PUT,2026-04-01,TARGET_HIT,3.498682,0,0,1,1,0,0,1,stale quote observed; missing early updates
20260401T134000|BFO:SENSEX2640273600PE|CONTINUATION_PUT|PUT,2026-04-01,TARGET_HIT,1.045347,0,0,0,0,1,0,1,slippage anomaly
20260401T134504|BFO:SENSEX2640273300PE|CONTINUATION_PUT|PUT,2026-04-01,TARGET_HIT,-0.338996,0,0,1,1,1,0,1,stale quote observed; missing early updates; slippage anomaly
20260401T135506|BFO:SENSEX2640273400PE|CONTINUATION_PUT|PUT,2026-04-01,TARGET_HIT,0.277553,0,0,1,1,0,0,1,stale quote observed; missing early updates
20260401T140003|BFO:SENSEX2640273100CE|CONTINUATION_CALL|CALL,2026-04-01,EARLY_RISK_EXIT,12.495459,0,0,1,1,0,0,1,stale quote observed; missing early updates
20260401T141001|BFO:SENSEX2640273200CE|CONTINUATION_CALL|CALL,2026-04-01,HARD_STOP_EXIT,31.630623,0,0,1,1,0,0,1,stale quote observed; missing early updates
20260401T141504|BFO:SENSEX2640273200CE|CONTINUATION_CALL|CALL,2026-04-01,TARGET_HIT,2.397584,0,0,1,1,0,0,1,stale quote observed; missing early updates
20260401T142513|BFO:SENSEX2640273500PE|CONTINUATION_PUT|PUT,2026-04-01,HARD_STOP_EXIT,31.597953,0,0,1,1,0,0,1,stale quote observed; missing early updates
20260401T143006|BFO:SENSEX2640273100CE|CONTINUATION_CALL|CALL,2026-04-01,HARD_STOP_EXIT,32.464402,0,0,1,1,0,0,1,stale quote observed; missing early updates
20260401T143511|BFO:SENSEX2640273400PE|CONTINUATION_PUT|PUT,2026-04-01,TARGET_HIT,2.122555,0,0,0,0,0,0,0,
20260401T144006|BFO:SENSEX2640273300PE|CONTINUATION_PUT|PUT,2026-04-01,TARGET_HIT,1.480174,0,0,1,1,0,0,1,stale quote observed; missing early updates
20260401T144505|BFO:SENSEX2640273300PE|CONTINUATION_PUT|PUT,2026-04-01,EARLY_RISK_EXIT,15.403137,0,0,1,1,0,0,1,stale quote observed; missing early updates
20260402T092003|BFO:SENSEX2640271900PE|CONTINUATION_PUT|PUT,2026-04-02,TARGET_HIT,2.710424,0,0,1,1,0,0,1,stale quote observed; missing early updates
20260402T092501|BFO:SENSEX2640271600CE|CONTINUATION_CALL|CALL,2026-04-02,TARGET_HIT,13.347512,0,0,1,1,0,0,1,stale quote observed; missing early updates
20260402T093500|BFO:SENSEX2640271600CE|CONTINUATION_CALL|CALL,2026-04-02,EARLY_RISK_EXIT,11.035207,0,0,1,0,1,0,1,stale quote observed; slippage anomaly
20260402T094003|BFO:SENSEX2640272000PE|CONTINUATION_PUT|PUT,2026-04-02,TARGET_HIT,-0.545576,0,0,1,1,0,0,1,stale quote observed; missing early updates
20260402T094503|BFO:SENSEX2640271600CE|REVERSAL_CALL|CALL,2026-04-02,EARLY_RISK_EXIT,10.895402,0,0,0,0,0,1,0,loss looks strategy-policy driven
20260402T095006|BFO:SENSEX2640271900PE|CONTINUATION_PUT|PUT,2026-04-02,TARGET_HIT,3.428207,0,0,1,1,0,0,1,stale quote observed; missing early updates
20260402T095514|BFO:SENSEX2640271900PE|CONTINUATION_PUT|PUT,2026-04-02,EARLY_RISK_EXIT,11.643909,0,0,1,1,0,0,1,stale quote observed; missing early updates
20260402T100001|BFO:SENSEX2640271800PE|CONTINUATION_PUT|PUT,2026-04-02,TARGET_HIT,1.644679,0,0,1,1,0,0,1,stale quote observed; missing early updates
20260402T100508|BFO:SENSEX2640271800PE|REVERSAL_PUT|PUT,2026-04-02,TARGET_HIT,7.893841,0,0,1,1,0,0,1,stale quote observed; missing early updates
20260402T101003|BFO:SENSEX2640271700PE|CONTINUATION_PUT|PUT,2026-04-02,EARLY_RISK_EXIT,11.581971,0,0,1,1,0,0,1,stale quote observed; missing early updates
20260402T102537|BFO:SENSEX2640271400CE|REVERSAL_CALL|CALL,2026-04-02,TARGET_HIT,9.685089,0,0,1,1,0,0,1,stale quote observed; missing early updates
20260402T103529|BFO:SENSEX2640271800PE|CONTINUATION_PUT|PUT,2026-04-02,TARGET_HIT,13.756327,0,0,1,1,0,0,1,stale quote observed; missing early updates
20260402T104001|BFO:SENSEX2640271500CE|CONTINUATION_CALL|CALL,2026-04-02,TARGET_HIT,1.395505,0,0,1,1,0,0,1,stale quote observed; missing early updates
20260402T104503|BFO:SENSEX2640271500CE|REVERSAL_CALL|CALL,2026-04-02,TARGET_HIT,-0.231109,0,0,1,1,0,0,1,stale quote observed; missing early updates
20260402T105003|BFO:SENSEX2640271800PE|CONTINUATION_PUT|PUT,2026-04-02,TARGET_HIT,7.096259,0,0,0,0,0,0,0,
20260402T110002|BFO:SENSEX2640271500CE|CONTINUATION_CALL|CALL,2026-04-02,EARLY_RISK_EXIT,11.875964,0,0,1,1,0,0,1,stale quote observed; missing early updates
20260402T110512|BFO:SENSEX2640271900PE|CONTINUATION_PUT|PUT,2026-04-02,HARD_STOP_EXIT,44.63614,0,0,1,1,0,0,1,stale quote observed; missing early updates
20260402T111008|BFO:SENSEX2640271900PE|CONTINUATION_PUT|PUT,2026-04-02,TARGET_HIT,3.750545,0,0,1,1,1,0,1,stale quote observed; missing early updates; slippage anomaly
20260402T111504|BFO:SENSEX2640271900PE|CONTINUATION_PUT|PUT,2026-04-02,TARGET_HIT,2.605305,0,0,1,1,0,0,1,stale quote observed; missing early updates
20260402T112011|BFO:SENSEX2640271800PE|CONTINUATION_PUT|PUT,2026-04-02,EARLY_RISK_EXIT,11.724654,0,0,1,1,0,0,1,stale quote observed; missing early updates
20260402T112509|BFO:SENSEX2640271800PE|CONTINUATION_PUT|PUT,2026-04-02,PATH_RISK_EXIT,33.138546,0,0,1,1,0,0,1,stale quote observed; missing early updates
20260402T113536|BFO:SENSEX2640271500CE|CONTINUATION_CALL|CALL,2026-04-02,TARGET_HIT,1.213123,0,0,0,0,0,0,0,
20260402T114006|BFO:SENSEX2640271500CE|CONTINUATION_CALL|CALL,2026-04-02,TARGET_HIT,2.822655,0,0,1,1,0,0,1,stale quote observed; missing early updates
20260402T114500|BFO:SENSEX2640271900PE|CONTINUATION_PUT|PUT,2026-04-02,EARLY_RISK_EXIT,11.26337,0,0,0,0,0,1,0,loss looks strategy-policy driven
20260402T115016|BFO:SENSEX2640271500CE|CONTINUATION_CALL|CALL,2026-04-02,TARGET_HIT,19.933505,0,0,1,1,0,0,1,stale quote observed; missing early updates
20260402T115502|BFO:SENSEX2640271500CE|CONTINUATION_CALL|CALL,2026-04-02,PATH_RISK_EXIT,30.620738,0,0,1,0,0,0,1,stale quote observed
20260402T120012|BFO:SENSEX2640271600CE|CONTINUATION_CALL|CALL,2026-04-02,TARGET_HIT,12.691477,0,0,1,1,0,0,1,stale quote observed; missing early updates
20260402T120519|BFO:SENSEX2640272000PE|CONTINUATION_PUT|PUT,2026-04-02,TARGET_HIT,18.163169,0,0,0,0,0,0,0,
20260402T121506|BFO:SENSEX2640271600CE|CONTINUATION_CALL|CALL,2026-04-02,EARLY_RISK_EXIT,11.460671,0,0,1,1,0,0,1,stale quote observed; missing early updates
20260402T122513|BFO:SENSEX2640271600CE|CONTINUATION_CALL|CALL,2026-04-02,TARGET_HIT,0.718418,0,0,1,1,0,0,1,stale quote observed; missing early updates
20260402T123002|BFO:SENSEX2640271700CE|CONTINUATION_CALL|CALL,2026-04-02,EARLY_RISK_EXIT,11.585356,0,0,1,1,0,0,1,stale quote observed; missing early updates
20260402T123501|BFO:SENSEX2640271800CE|CONTINUATION_CALL|CALL,2026-04-02,TARGET_HIT,10.930874,0,0,1,1,0,0,1,stale quote observed; missing early updates
20260402T124004|BFO:SENSEX2640271900CE|CONTINUATION_CALL|CALL,2026-04-02,TARGET_HIT,3.202757,0,0,0,0,0,0,0,
20260402T124504|BFO:SENSEX2640271900CE|CONTINUATION_CALL|CALL,2026-04-02,TARGET_HIT,-0.321754,0,0,1,1,0,0,1,stale quote observed; missing early updates
20260402T130002|BFO:SENSEX2640271900CE|CONTINUATION_CALL|CALL,2026-04-02,TARGET_HIT,0.004377,0,0,0,0,1,0,1,slippage anomaly
20260402T130501|BFO:SENSEX2640271900CE|CONTINUATION_CALL|CALL,2026-04-02,TARGET_HIT,1.578948,0,0,1,1,1,0,1,stale quote observed; missing early updates; slippage anomaly
20260402T131028|BFO:SENSEX2640272300PE|REVERSAL_PUT|PUT,2026-04-02,TARGET_HIT,10.879709,0,0,1,1,0,0,1,stale quote observed; missing early updates
20260402T131513|BFO:SENSEX2640272300PE|CONTINUATION_PUT|PUT,2026-04-02,EARLY_RISK_EXIT,11.630925,0,0,1,1,0,0,1,stale quote observed; missing early updates
20260402T132018|BFO:SENSEX2640272000CE|CONTINUATION_CALL|CALL,2026-04-02,PATH_RISK_EXIT,32.422291,0,0,1,1,0,0,1,stale quote observed; missing early updates
20260402T132503|BFO:SENSEX2640272100CE|CONTINUATION_CALL|CALL,2026-04-02,TARGET_HIT,2.367499,0,0,1,1,0,0,1,stale quote observed; missing early updates
20260402T133000|BFO:SENSEX2640272300CE|CONTINUATION_CALL|CALL,2026-04-02,TARGET_HIT,4.904294,0,0,1,1,0,0,1,stale quote observed; missing early updates
20260402T133518|BFO:SENSEX2640272700PE|CONTINUATION_PUT|PUT,2026-04-02,TARGET_HIT,1.126058,0,0,0,0,0,0,0,
20260402T134001|BFO:SENSEX2640272400CE|CONTINUATION_CALL|CALL,2026-04-02,TARGET_HIT,4.862961,0,0,1,1,0,0,1,stale quote observed; missing early updates
20260402T134511|BFO:SENSEX2640272500CE|CONTINUATION_CALL|CALL,2026-04-02,TARGET_HIT,-0.080882,0,0,1,1,0,0,1,stale quote observed; missing early updates
20260402T135005|BFO:SENSEX2640272800PE|CONTINUATION_PUT|PUT,2026-04-02,EARLY_RISK_EXIT,11.656279,0,0,1,1,0,0,1,stale quote observed; missing early updates
20260402T135503|BFO:SENSEX2640272900PE|REVERSAL_PUT|PUT,2026-04-02,TARGET_HIT,1.1286,0,0,0,0,0,0,0,
20260402T140002|BFO:SENSEX2640272800PE|CONTINUATION_PUT|PUT,2026-04-02,TARGET_HIT,2.637246,0,0,1,1,0,0,1,stale quote observed; missing early updates
20260402T140510|BFO:SENSEX2640272500CE|CONTINUATION_CALL|CALL,2026-04-02,TARGET_HIT,-0.054031,0,0,1,1,0,0,1,stale quote observed; missing early updates
20260402T141007|BFO:SENSEX2640272600CE|CONTINUATION_CALL|CALL,2026-04-02,TARGET_HIT,8.686242,0,0,1,1,0,0,1,stale quote observed; missing early updates
20260402T141503|BFO:SENSEX2640272800CE|CONTINUATION_CALL|CALL,2026-04-02,TARGET_HIT,0.190641,0,0,0,0,0,0,0,
20260402T142013|BFO:SENSEX2640272900CE|CONTINUATION_CALL|CALL,2026-04-02,HARD_STOP_EXIT,31.199572,0,0,1,1,0,0,1,stale quote observed; missing early updates
20260402T142500|BFO:SENSEX2640272900CE|CONTINUATION_CALL|CALL,2026-04-02,TARGET_HIT,-0.362693,0,0,1,1,0,0,1,stale quote observed; missing early updates
20260402T143004|BFO:SENSEX2640273300PE|REVERSAL_PUT|PUT,2026-04-02,TARGET_HIT,2.568341,0,0,1,1,0,0,1,stale quote observed; missing early updates
20260402T143500|BFO:SENSEX2640273000CE|CONTINUATION_CALL|CALL,2026-04-02,EARLY_RISK_EXIT,11.639791,0,0,1,1,0,0,1,stale quote observed; missing early updates
20260402T144000|BFO:SENSEX2640273200PE|CONTINUATION_PUT|PUT,2026-04-02,EARLY_RISK_EXIT,10.931023,0,0,1,1,0,0,1,stale quote observed; missing early updates
20260402T144507|BFO:SENSEX2640273000PE|CONTINUATION_PUT|PUT,2026-04-02,EARLY_RISK_EXIT,11.593929,0,0,1,1,0,0,1,stale quote observed; missing early updates
20260402T145015|BFO:SENSEX2640272800CE|CONTINUATION_CALL|CALL,2026-04-02,TARGET_HIT,0.373457,0,0,1,1,1,0,1,stale quote observed; missing early updates; slippage anomaly
20260406T092502|BFO:SENSEX2640973300PE|CONTINUATION_PUT|PUT,2026-04-06,TARGET_HIT,-0.439963,0,0,1,1,1,0,1,stale quote observed; missing early updates; slippage anomaly
20260406T093000|BFO:SENSEX2640973100PE|CONTINUATION_PUT|PUT,2026-04-06,EARLY_RISK_EXIT,11.90693,0,0,1,1,0,0,1,stale quote observed; missing early updates
20260406T093515|BFO:SENSEX2640973000CE|CONTINUATION_CALL|CALL,2026-04-06,TARGET_HIT,0.207156,0,0,0,0,0,0,0,
20260406T094011|BFO:SENSEX2640973000CE|CONTINUATION_CALL|CALL,2026-04-06,TARGET_HIT,14.944551,0,0,1,1,0,0,1,stale quote observed; missing early updates
20260406T095003|BFO:SENSEX2640973100PE|CONTINUATION_PUT|PUT,2026-04-06,TARGET_HIT,1.749527,0,0,1,1,0,0,1,stale quote observed; missing early updates
20260406T095511|BFO:SENSEX2640973000PE|CONTINUATION_PUT|PUT,2026-04-06,HARD_STOP_EXIT,31.704884,0,0,1,1,0,0,1,stale quote observed; missing early updates
20260406T100004|BFO:SENSEX2640972600CE|REVERSAL_CALL|CALL,2026-04-06,TARGET_HIT,8.936852,0,0,1,1,1,0,1,stale quote observed; missing early updates; slippage anomaly
20260406T100501|BFO:SENSEX2640972700CE|CONTINUATION_CALL|CALL,2026-04-06,TARGET_HIT,0.341265,0,0,1,1,0,0,1,stale quote observed; missing early updates
20260406T101501|BFO:SENSEX2640972900CE|CONTINUATION_CALL|CALL,2026-04-06,TARGET_HIT,1.011551,0,0,0,0,0,0,0,
20260406T102002|BFO:SENSEX2640973200PE|CONTINUATION_PUT|PUT,2026-04-06,HARD_STOP_EXIT,31.653745,0,0,1,1,0,0,1,stale quote observed; missing early updates
20260406T102524|BFO:SENSEX2640972900CE|CONTINUATION_CALL|CALL,2026-04-06,TARGET_HIT,-0.307276,0,0,1,1,0,0,1,stale quote observed; missing early updates
20260406T103003|BFO:SENSEX2640973200PE|CONTINUATION_PUT|PUT,2026-04-06,TARGET_HIT,5.648599,0,0,1,1,0,0,1,stale quote observed; missing early updates
20260406T103501|BFO:SENSEX2640973200PE|CONTINUATION_PUT|PUT,2026-04-06,TARGET_HIT,7.229356,0,0,1,0,0,0,1,stale quote observed
20260406T104006|BFO:SENSEX2640972900CE|CONTINUATION_CALL|CALL,2026-04-06,TARGET_HIT,1.496621,0,0,1,1,0,0,1,stale quote observed; missing early updates
20260406T104512|BFO:SENSEX2640972900CE|REVERSAL_CALL|CALL,2026-04-06,TARGET_HIT,11.250783,0,0,1,1,1,0,1,stale quote observed; missing early updates; slippage anomaly
20260406T105005|BFO:SENSEX2640972900CE|REVERSAL_CALL|CALL,2026-04-06,TARGET_HIT,1.275136,0,0,1,1,0,0,1,stale quote observed; missing early updates
20260406T105503|BFO:SENSEX2640973200PE|CONTINUATION_PUT|PUT,2026-04-06,TARGET_HIT,5.974529,0,0,1,1,0,0,1,stale quote observed; missing early updates
20260406T110005|BFO:SENSEX2640972800CE|CONTINUATION_CALL|CALL,2026-04-06,EARLY_RISK_EXIT,12.164687,0,0,1,1,0,0,1,stale quote observed; missing early updates
20260406T110507|BFO:SENSEX2640973100PE|CONTINUATION_PUT|PUT,2026-04-06,TARGET_HIT,2.518174,0,0,1,1,0,0,1,stale quote observed; missing early updates
20260406T111000|BFO:SENSEX2640973000PE|CONTINUATION_PUT|PUT,2026-04-06,TARGET_HIT,1.337258,0,0,1,1,0,0,1,stale quote observed; missing early updates
20260406T112012|BFO:SENSEX2640972700CE|CONTINUATION_CALL|CALL,2026-04-06,TARGET_HIT,0.996984,0,0,1,1,1,0,1,stale quote observed; missing early updates; slippage anomaly
20260406T112501|BFO:SENSEX2640972800CE|CONTINUATION_CALL|CALL,2026-04-06,EARLY_RISK_EXIT,12.52703,0,0,1,1,0,0,1,stale quote observed; missing early updates
20260406T113001|BFO:SENSEX2640972800CE|CONTINUATION_CALL|CALL,2026-04-06,HARD_STOP_EXIT,31.442897,0,0,1,0,0,0,1,stale quote observed
20260406T113503|BFO:SENSEX2640973100PE|CONTINUATION_PUT|PUT,2026-04-06,EARLY_RISK_EXIT,12.717076,0,0,1,1,0,0,1,stale quote observed; missing early updates
20260406T114032|BFO:SENSEX2640973100PE|REVERSAL_PUT|PUT,2026-04-06,EARLY_RISK_EXIT,13.214373,0,0,1,1,0,0,1,stale quote observed; missing early updates
20260406T115002|BFO:SENSEX2640972900CE|CONTINUATION_CALL|CALL,2026-04-06,TARGET_HIT,10.772667,0,0,1,1,0,0,1,stale quote observed; missing early updates
20260406T115507|BFO:SENSEX2640972900CE|CONTINUATION_CALL|CALL,2026-04-06,EARLY_RISK_EXIT,13.57182,0,0,1,1,0,0,1,stale quote observed; missing early updates
20260406T120001|BFO:SENSEX2640973000CE|CONTINUATION_CALL|CALL,2026-04-06,TARGET_HIT,1.672858,0,0,1,1,0,0,1,stale quote observed; missing early updates
20260406T121507|BFO:SENSEX2640973300PE|CONTINUATION_PUT|PUT,2026-04-06,TARGET_HIT,18.006958,0,0,1,0,1,0,1,stale quote observed; slippage anomaly
20260406T122023|BFO:SENSEX2640973000CE|REVERSAL_CALL|CALL,2026-04-06,TARGET_HIT,-0.437764,0,0,1,1,0,0,1,stale quote observed; missing early updates
20260406T123504|BFO:SENSEX2640973300PE|CONTINUATION_PUT|PUT,2026-04-06,EARLY_RISK_EXIT,11.537612,0,0,1,1,0,0,1,stale quote observed; missing early updates
20260406T124006|BFO:SENSEX2640972900CE|CONTINUATION_CALL|CALL,2026-04-06,TARGET_HIT,14.162336,0,0,1,1,0,0,1,stale quote observed; missing early updates
20260406T124517|BFO:SENSEX2640972900CE|CONTINUATION_CALL|CALL,2026-04-06,TARGET_HIT,1.587235,0,0,1,1,0,0,1,stale quote observed; missing early updates
20260406T125006|BFO:SENSEX2640973200CE|CONTINUATION_CALL|CALL,2026-04-06,TARGET_HIT,-0.488293,0,0,1,1,1,0,1,stale quote observed; missing early updates; slippage anomaly
20260406T125510|BFO:SENSEX2640973300CE|CONTINUATION_CALL|CALL,2026-04-06,TARGET_HIT,2.370382,0,0,1,1,0,0,1,stale quote observed; missing early updates
20260406T130007|BFO:SENSEX2640973400CE|CONTINUATION_CALL|CALL,2026-04-06,TARGET_HIT,1.874567,0,0,1,1,0,0,1,stale quote observed; missing early updates
20260406T131012|BFO:SENSEX2640973400CE|CONTINUATION_CALL|CALL,2026-04-06,TARGET_HIT,-0.2386,0,0,1,1,0,0,1,stale quote observed; missing early updates
20260406T131500|BFO:SENSEX2640973500CE|CONTINUATION_CALL|CALL,2026-04-06,TARGET_HIT,1.365489,0,0,1,1,0,0,1,stale quote observed; missing early updates
20260406T132014|BFO:SENSEX2640973600CE|CONTINUATION_CALL|CALL,2026-04-06,TARGET_HIT,15.352321,0,0,1,1,0,0,1,stale quote observed; missing early updates
20260406T132502|BFO:SENSEX2640973600CE|CONTINUATION_CALL|CALL,2026-04-06,EARLY_RISK_EXIT,13.796694,0,0,1,1,0,0,1,stale quote observed; missing early updates
20260406T133000|BFO:SENSEX2640973900PE|CONTINUATION_PUT|PUT,2026-04-06,TARGET_HIT,-2.742446,0,0,1,1,1,0,1,stale quote observed; missing early updates; slippage anomaly
20260406T133529|BFO:SENSEX2640973700CE|CONTINUATION_CALL|CALL,2026-04-06,TARGET_HIT,6.981223,0,0,1,1,0,0,1,stale quote observed; missing early updates
20260406T134003|BFO:SENSEX2640974000PE|CONTINUATION_PUT|PUT,2026-04-06,TARGET_HIT,1.759024,0,0,1,1,0,0,1,stale quote observed; missing early updates
20260406T134506|BFO:SENSEX2640973900PE|CONTINUATION_PUT|PUT,2026-04-06,TARGET_HIT,17.876709,0,0,1,1,0,0,1,stale quote observed; missing early updates
20260406T135005|BFO:SENSEX2640973900PE|CONTINUATION_PUT|PUT,2026-04-06,TARGET_HIT,-0.642141,0,0,1,1,0,0,1,stale quote observed; missing early updates
20260406T135534|BFO:SENSEX2640973600CE|CONTINUATION_CALL|CALL,2026-04-06,TARGET_HIT,1.632466,0,0,1,1,0,0,1,stale quote observed; missing early updates
20260406T140520|BFO:SENSEX2640973700CE|CONTINUATION_CALL|CALL,2026-04-06,TARGET_HIT,9.448594,0,0,1,1,0,0,1,stale quote observed; missing early updates
20260406T141506|BFO:SENSEX2640973700CE|CONTINUATION_CALL|CALL,2026-04-06,EARLY_RISK_EXIT,12.984606,0,0,1,1,0,0,1,stale quote observed; missing early updates
20260406T142030|BFO:SENSEX2640973800CE|CONTINUATION_CALL|CALL,2026-04-06,TARGET_HIT,21.932526,0,0,1,1,0,0,1,stale quote observed; missing early updates
20260406T142500|BFO:SENSEX2640974100PE|CONTINUATION_PUT|PUT,2026-04-06,EARLY_RISK_EXIT,11.674348,0,0,1,1,0,0,1,stale quote observed; missing early updates
20260406T144032|BFO:SENSEX2640973800CE|REVERSAL_CALL|CALL,2026-04-06,EARLY_RISK_EXIT,14.384533,0,0,1,1,0,0,1,stale quote observed; missing early updates
20260406T144501|BFO:SENSEX2640974100PE|CONTINUATION_PUT|PUT,2026-04-06,TARGET_HIT,0.072712,0,0,1,0,1,0,1,stale quote observed; slippage anomaly
20260406T145002|BFO:SENSEX2640973800CE|CONTINUATION_CALL|CALL,2026-04-06,TARGET_HIT,2.366956,0,0,1,1,0,0,1,stale quote observed; missing early updates
20260407T092000|BFO:SENSEX2640973600PE|CONTINUATION_PUT|PUT,2026-04-07,TARGET_HIT,-0.817301,0,0,1,0,0,0,1,stale quote observed
20260407T092509|BFO:SENSEX2640973400CE|CONTINUATION_CALL|CALL,2026-04-07,TARGET_HIT,2.762322,0,0,1,1,0,0,1,stale quote observed; missing early updates
20260407T093004|BFO:SENSEX2640973600CE|CONTINUATION_CALL|CALL,2026-04-07,TARGET_HIT,0.064531,0,0,0,0,1,0,1,slippage anomaly
20260407T093512|BFO:SENSEX2640973900PE|CONTINUATION_PUT|PUT,2026-04-07,TARGET_HIT,-0.455647,0,0,1,1,0,0,1,stale quote observed; missing early updates
20260407T094016|BFO:SENSEX2640973500CE|REVERSAL_CALL|CALL,2026-04-07,EARLY_RISK_EXIT,12.198661,0,0,1,0,1,0,1,stale quote observed; slippage anomaly
20260407T095037|BFO:SENSEX2640973400CE|CONTINUATION_CALL|CALL,2026-04-07,TARGET_HIT,0.830181,0,0,1,1,1,0,1,stale quote observed; missing early updates; slippage anomaly
20260407T095506|BFO:SENSEX2640973500CE|CONTINUATION_CALL|CALL,2026-04-07,TARGET_HIT,0.318765,0,0,1,1,0,0,1,stale quote observed; missing early updates
20260407T100003|BFO:SENSEX2640973600CE|CONTINUATION_CALL|CALL,2026-04-07,TARGET_HIT,1.103082,0,0,1,1,0,0,1,stale quote observed; missing early updates
20260407T100500|BFO:SENSEX2640973700CE|CONTINUATION_CALL|CALL,2026-04-07,TARGET_HIT,0.534809,0,0,1,1,0,0,1,stale quote observed; missing early updates
20260407T101004|BFO:SENSEX2640974100PE|CONTINUATION_PUT|PUT,2026-04-07,TARGET_HIT,6.111901,0,0,1,1,0,0,1,stale quote observed; missing early updates
20260407T101505|BFO:SENSEX2640973700CE|CONTINUATION_CALL|CALL,2026-04-07,TARGET_HIT,3.259968,0,0,1,1,0,0,1,stale quote observed; missing early updates
20260407T102003|BFO:SENSEX2640973800CE|CONTINUATION_CALL|CALL,2026-04-07,TARGET_HIT,-0.279215,0,0,1,1,1,0,1,stale quote observed; missing early updates; slippage anomaly
20260407T102505|BFO:SENSEX2640974200PE|CONTINUATION_PUT|PUT,2026-04-07,TARGET_HIT,4.295722,0,0,1,1,0,0,1,stale quote observed; missing early updates
20260407T104000|BFO:SENSEX2640973700CE|CONTINUATION_CALL|CALL,2026-04-07,TARGET_HIT,5.621603,0,0,1,1,1,0,1,stale quote observed; missing early updates; slippage anomaly
20260407T142502|BFO:SENSEX2640974000CE|CONTINUATION_CALL|CALL,2026-04-07,TARGET_HIT,0.283915,0,0,1,1,0,0,1,stale quote observed; missing early updates
20260407T143001|BFO:SENSEX2640974000CE|CONTINUATION_CALL|CALL,2026-04-07,EARLY_RISK_EXIT,12.63755,0,0,1,1,0,0,1,stale quote observed; missing early updates
20260407T144003|BFO:SENSEX2640974400PE|CONTINUATION_PUT|PUT,2026-04-07,EARLY_RISK_EXIT,12.409214,0,0,1,1,0,0,1,stale quote observed; missing early updates
20260407T145035|BFO:SENSEX2640974200CE|CONTINUATION_CALL|CALL,2026-04-07,TARGET_HIT,5.59881,0,0,1,1,0,0,1,stale quote observed; missing early updates
20260408T092006|BFO:SENSEX2640977100CE|CONTINUATION_CALL|CALL,2026-04-08,TARGET_HIT,0.379118,0,0,1,1,0,0,1,stale quote observed; missing early updates
20260408T092501|BFO:SENSEX2640977300PE|CONTINUATION_PUT|PUT,2026-04-08,TARGET_HIT,16.936304,0,0,1,1,0,0,1,stale quote observed; missing early updates
20260408T093003|BFO:SENSEX2640977000CE|CONTINUATION_CALL|CALL,2026-04-08,EARLY_RISK_EXIT,11.388073,0,0,1,1,0,0,1,stale quote observed; missing early updates
20260408T093502|BFO:SENSEX2640977000CE|CONTINUATION_CALL|CALL,2026-04-08,TARGET_HIT,0.240259,0,0,0,0,0,0,0,
20260408T094005|BFO:SENSEX2640977100CE|CONTINUATION_CALL|CALL,2026-04-08,TARGET_HIT,10.190971,0,0,0,0,0,0,0,
20260408T094502|BFO:SENSEX2640977100CE|CONTINUATION_CALL|CALL,2026-04-08,TARGET_HIT,3.658633,0,0,1,1,0,0,1,stale quote observed; missing early updates
20260408T095002|BFO:SENSEX2640977200CE|CONTINUATION_CALL|CALL,2026-04-08,TARGET_HIT,3.203942,0,0,0,0,0,0,0,
20260408T095502|BFO:SENSEX2640977500PE|CONTINUATION_PUT|PUT,2026-04-08,TARGET_HIT,1.354124,0,0,1,1,0,0,1,stale quote observed; missing early updates
20260408T100501|BFO:SENSEX2640977100CE|CONTINUATION_CALL|CALL,2026-04-08,TARGET_HIT,4.274296,0,0,1,1,0,0,1,stale quote observed; missing early updates
20260408T101006|BFO:SENSEX2640977500PE|REVERSAL_PUT|PUT,2026-04-08,TARGET_HIT,-0.023939,0,0,1,1,0,0,1,stale quote observed; missing early updates
20260408T101502|BFO:SENSEX2640977400PE|CONTINUATION_PUT|PUT,2026-04-08,EARLY_RISK_EXIT,12.824597,0,0,1,1,0,0,1,stale quote observed; missing early updates
20260408T102001|BFO:SENSEX2640977100CE|CONTINUATION_CALL|CALL,2026-04-08,TARGET_HIT,3.746904,0,0,1,1,0,0,1,stale quote observed; missing early updates
20260408T102502|BFO:SENSEX2640977400PE|CONTINUATION_PUT|PUT,2026-04-08,TARGET_HIT,7.163802,0,0,1,0,0,0,1,stale quote observed
20260408T103038|BFO:SENSEX2640977100CE|CONTINUATION_CALL|CALL,2026-04-08,TARGET_HIT,1.4657,0,0,1,1,0,0,1,stale quote observed; missing early updates
20260408T104014|BFO:SENSEX2640977500PE|REVERSAL_PUT|PUT,2026-04-08,TARGET_HIT,-0.36049,0,0,1,1,0,0,1,stale quote observed; missing early updates
20260408T104502|BFO:SENSEX2640977200CE|CONTINUATION_CALL|CALL,2026-04-08,EARLY_RISK_EXIT,11.961911,0,0,1,1,0,0,1,stale quote observed; missing early updates
20260408T105011|BFO:SENSEX2640977600PE|CONTINUATION_PUT|PUT,2026-04-08,EARLY_RISK_EXIT,11.642504,0,0,1,1,0,0,1,stale quote observed; missing early updates
20260408T105534|BFO:SENSEX2640977300CE|CONTINUATION_CALL|CALL,2026-04-08,TARGET_HIT,2.744097,0,0,1,1,0,0,1,stale quote observed; missing early updates
20260408T110007|BFO:SENSEX2640977300CE|CONTINUATION_CALL|CALL,2026-04-08,TARGET_HIT,2.504774,0,0,1,1,0,0,1,stale quote observed; missing early updates
20260408T110501|BFO:SENSEX2640977300CE|CONTINUATION_CALL|CALL,2026-04-08,TARGET_HIT,5.759086,0,0,1,1,0,0,1,stale quote observed; missing early updates
20260408T111019|BFO:SENSEX2640977300CE|CONTINUATION_CALL|CALL,2026-04-08,TARGET_HIT,7.181184,0,0,0,0,0,0,0,
20260408T111510|BFO:SENSEX2640977300CE|REVERSAL_CALL|CALL,2026-04-08,TARGET_HIT,-0.268011,0,0,1,1,0,0,1,stale quote observed; missing early updates
20260408T112003|BFO:SENSEX2640977400CE|CONTINUATION_CALL|CALL,2026-04-08,TARGET_HIT,1.134518,0,0,0,0,0,0,0,
20260408T112519|BFO:SENSEX2640977800PE|REVERSAL_PUT|PUT,2026-04-08,TARGET_HIT,4.71137,0,0,1,1,0,0,1,stale quote observed; missing early updates
20260408T113000|BFO:SENSEX2640977700PE|CONTINUATION_PUT|PUT,2026-04-08,TARGET_HIT,-0.046603,0,0,1,1,0,0,1,stale quote observed; missing early updates
20260408T114007|BFO:SENSEX2640977600PE|CONTINUATION_PUT|PUT,2026-04-08,TARGET_HIT,0.779522,0,0,1,1,0,0,1,stale quote observed; missing early updates
20260408T114504|BFO:SENSEX2640977300CE|CONTINUATION_CALL|CALL,2026-04-08,TARGET_HIT,1.1529,0,0,0,0,0,0,0,
20260408T115005|BFO:SENSEX2640977300CE|CONTINUATION_CALL|CALL,2026-04-08,EARLY_RISK_EXIT,11.608021,0,0,1,1,0,0,1,stale quote observed; missing early updates
20260408T115511|BFO:SENSEX2640977600PE|CONTINUATION_PUT|PUT,2026-04-08,TARGET_HIT,4.154597,0,0,0,0,0,0,0,
20260408T120001|BFO:SENSEX2640977500PE|CONTINUATION_PUT|PUT,2026-04-08,TARGET_HIT,5.155355,0,0,0,0,0,0,0,
20260408T120504|BFO:SENSEX2640977200CE|CONTINUATION_CALL|CALL,2026-04-08,TARGET_HIT,0.914657,0,0,1,1,0,0,1,stale quote observed; missing early updates
20260408T121509|BFO:SENSEX2640977600PE|CONTINUATION_PUT|PUT,2026-04-08,TARGET_HIT,30.788933,0,0,1,1,0,0,1,stale quote observed; missing early updates
20260408T122522|BFO:SENSEX2640977300CE|CONTINUATION_CALL|CALL,2026-04-08,TARGET_HIT,25.500059,0,0,1,1,0,0,1,stale quote observed; missing early updates
20260408T123018|BFO:SENSEX2640977600PE|CONTINUATION_PUT|PUT,2026-04-08,TARGET_HIT,11.182458,0,0,1,0,0,0,1,stale quote observed
20260408T125002|BFO:SENSEX2640977200CE|REVERSAL_CALL|CALL,2026-04-08,TARGET_HIT,0.449853,0,0,1,1,0,0,1,stale quote observed; missing early updates
20260409T092000|BFO:SENSEX2640977500PE|CONTINUATION_PUT|PUT,2026-04-09,TARGET_HIT,4.311749,0,0,1,1,1,0,1,stale quote observed; missing early updates; slippage anomaly
20260409T093002|BFO:SENSEX2640977200CE|CONTINUATION_CALL|CALL,2026-04-09,TARGET_HIT,2.110738,0,0,0,0,1,0,1,slippage anomaly
20260409T094005|BFO:SENSEX2640976900CE|CONTINUATION_CALL|CALL,2026-04-09,TARGET_HIT,4.05353,0,0,1,0,0,0,1,stale quote observed
20260409T095000|BFO:SENSEX2640977100PE|CONTINUATION_PUT|PUT,2026-04-09,TARGET_HIT,-0.427882,0,0,1,1,1,0,1,stale quote observed; missing early updates; slippage anomaly
20260409T095503|BFO:SENSEX2640977000PE|CONTINUATION_PUT|PUT,2026-04-09,TARGET_HIT,1.302487,0,0,1,1,0,0,1,stale quote observed; missing early updates
20260409T100001|BFO:SENSEX2640976900PE|CONTINUATION_PUT|PUT,2026-04-09,TARGET_HIT,0.360236,0,0,1,1,0,0,1,stale quote observed; missing early updates
20260409T100521|BFO:SENSEX2640976600CE|CONTINUATION_CALL|CALL,2026-04-09,TARGET_HIT,-0.375033,0,0,1,1,1,0,1,stale quote observed; missing early updates; slippage anomaly
20260409T101001|BFO:SENSEX2640976700CE|CONTINUATION_CALL|CALL,2026-04-09,TARGET_HIT,-0.846498,0,0,1,0,0,0,1,stale quote observed
20260409T102519|BFO:SENSEX2640977200PE|CONTINUATION_PUT|PUT,2026-04-09,TARGET_HIT,6.025945,0,0,1,0,1,0,1,stale quote observed; slippage anomaly
20260409T104010|BFO:SENSEX2640977100PE|CONTINUATION_PUT|PUT,2026-04-09,TARGET_HIT,10.769602,0,0,1,1,0,0,1,stale quote observed; missing early updates
20260409T105509|BFO:SENSEX2640976700CE|REVERSAL_CALL|CALL,2026-04-09,TARGET_HIT,1.223018,0,0,1,1,0,0,1,stale quote observed; missing early updates
20260409T110012|BFO:SENSEX2640976700CE|CONTINUATION_CALL|CALL,2026-04-09,TARGET_HIT,0.789908,0,0,1,1,1,0,1,stale quote observed; missing early updates; slippage anomaly
20260409T110501|BFO:SENSEX2640976800CE|CONTINUATION_CALL|CALL,2026-04-09,EARLY_RISK_EXIT,12.020781,0,0,1,1,0,0,1,stale quote observed; missing early updates
20260409T111004|BFO:SENSEX2640976800CE|CONTINUATION_CALL|CALL,2026-04-09,TARGET_HIT,5.738218,0,0,1,1,0,0,1,stale quote observed; missing early updates
20260409T111515|BFO:SENSEX2640976800CE|REVERSAL_CALL|CALL,2026-04-09,TARGET_HIT,-0.807484,0,0,1,0,0,0,1,stale quote observed
20260409T112505|BFO:SENSEX2640976700CE|CONTINUATION_CALL|CALL,2026-04-09,TARGET_HIT,-0.9776,0,0,0,0,0,0,0,
20260409T113011|BFO:SENSEX2640976800CE|CONTINUATION_CALL|CALL,2026-04-09,TARGET_HIT,13.378039,0,0,1,1,0,0,1,stale quote observed; missing early updates
20260409T113503|BFO:SENSEX2640976800CE|CONTINUATION_CALL|CALL,2026-04-09,TARGET_HIT,3.85205,0,0,1,1,0,0,1,stale quote observed; missing early updates
20260409T114002|BFO:SENSEX2640977200PE|CONTINUATION_PUT|PUT,2026-04-09,TARGET_HIT,1.539124,0,0,1,1,0,0,1,stale quote observed; missing early updates
20260409T114516|BFO:SENSEX2640977100PE|CONTINUATION_PUT|PUT,2026-04-09,TARGET_HIT,5.94619,0,0,1,1,0,0,1,stale quote observed; missing early updates
20260409T115006|BFO:SENSEX2640976800CE|CONTINUATION_CALL|CALL,2026-04-09,TARGET_HIT,0.042075,0,0,0,0,1,0,1,slippage anomaly
20260409T115500|BFO:SENSEX2640976900CE|CONTINUATION_CALL|CALL,2026-04-09,EARLY_RISK_EXIT,11.672697,0,0,1,1,0,0,1,stale quote observed; missing early updates
20260409T120016|BFO:SENSEX2640976900CE|REVERSAL_CALL|CALL,2026-04-09,TARGET_HIT,0.180973,0,0,0,0,0,0,0,
20260409T120504|BFO:SENSEX2640977200PE|CONTINUATION_PUT|PUT,2026-04-09,TARGET_HIT,0.636574,0,0,1,1,0,0,1,stale quote observed; missing early updates
20260409T121518|BFO:SENSEX2640977200PE|CONTINUATION_PUT|PUT,2026-04-09,EARLY_RISK_EXIT,11.409158,0,0,1,1,0,0,1,stale quote observed; missing early updates
20260410T092004|BFO:SENSEX2641677000CE|CONTINUATION_CALL|CALL,2026-04-10,TARGET_HIT,0.428002,0,0,1,1,0,0,1,stale quote observed; missing early updates
20260410T093002|BFO:SENSEX2641676900CE|CONTINUATION_CALL|CALL,2026-04-10,TARGET_HIT,2.719331,0,0,1,1,0,0,1,stale quote observed; missing early updates
20260410T093536|BFO:SENSEX2641677300PE|REVERSAL_PUT|PUT,2026-04-10,TARGET_HIT,4.45898,0,0,1,1,0,0,1,stale quote observed; missing early updates
20260410T094002|BFO:SENSEX2641677300PE|CONTINUATION_PUT|PUT,2026-04-10,EARLY_RISK_EXIT,12.398054,0,0,1,1,0,0,1,stale quote observed; missing early updates
20260410T094501|BFO:SENSEX2641677000CE|CONTINUATION_CALL|CALL,2026-04-10,TARGET_HIT,1.438932,0,0,1,1,0,0,1,stale quote observed; missing early updates
20260410T095002|BFO:SENSEX2641677100CE|CONTINUATION_CALL|CALL,2026-04-10,TARGET_HIT,17.960732,0,0,1,1,0,0,1,stale quote observed; missing early updates
20260410T095507|BFO:SENSEX2641677100CE|CONTINUATION_CALL|CALL,2026-04-10,HARD_STOP_EXIT,31.460682,0,0,1,1,0,0,1,stale quote observed; missing early updates
20260410T100005|BFO:SENSEX2641677100CE|CONTINUATION_CALL|CALL,2026-04-10,TARGET_HIT,10.009691,0,0,1,1,0,0,1,stale quote observed; missing early updates
20260410T100504|BFO:SENSEX2641677500PE|CONTINUATION_PUT|PUT,2026-04-10,TARGET_HIT,1.452994,0,0,1,1,0,0,1,stale quote observed; missing early updates
20260410T101036|BFO:SENSEX2641677100CE|REVERSAL_CALL|CALL,2026-04-10,TARGET_HIT,3.598959,0,0,1,1,0,0,1,stale quote observed; missing early updates
20260410T101500|BFO:SENSEX2641677200CE|CONTINUATION_CALL|CALL,2026-04-10,TARGET_HIT,-0.575209,0,0,1,1,0,0,1,stale quote observed; missing early updates
20260410T102007|BFO:SENSEX2641677200CE|CONTINUATION_CALL|CALL,2026-04-10,EARLY_RISK_EXIT,11.886876,0,0,0,0,0,1,0,loss looks strategy-policy driven
20260410T102507|BFO:SENSEX2641677300CE|CONTINUATION_CALL|CALL,2026-04-10,TARGET_HIT,4.385436,0,0,1,1,0,0,1,stale quote observed; missing early updates
20260410T103502|BFO:SENSEX2641677200CE|CONTINUATION_CALL|CALL,2026-04-10,TARGET_HIT,0.212488,0,0,0,0,0,0,0,
20260410T104019|BFO:SENSEX2641677600PE|CONTINUATION_PUT|PUT,2026-04-10,HARD_STOP_EXIT,32.731774,0,0,1,1,0,0,1,stale quote observed; missing early updates
20260410T104504|BFO:SENSEX2641677600PE|CONTINUATION_PUT|PUT,2026-04-10,TARGET_HIT,24.827597,0,0,1,1,0,0,1,stale quote observed; missing early updates
20260410T105011|BFO:SENSEX2641677600PE|CONTINUATION_PUT|PUT,2026-04-10,TARGET_HIT,1.778809,0,0,1,1,0,0,1,stale quote observed; missing early updates
20260410T110001|BFO:SENSEX2641677200CE|CONTINUATION_CALL|CALL,2026-04-10,TARGET_HIT,5.71381,0,0,1,1,0,0,1,stale quote observed; missing early updates
20260410T110537|BFO:SENSEX2641677600PE|REVERSAL_PUT|PUT,2026-04-10,EARLY_RISK_EXIT,12.127269,0,0,1,1,0,0,1,stale quote observed; missing early updates
20260410T111003|BFO:SENSEX2641677200CE|CONTINUATION_CALL|CALL,2026-04-10,EARLY_RISK_EXIT,12.399135,0,0,1,1,0,0,1,stale quote observed; missing early updates
20260410T111511|BFO:SENSEX2641677200CE|CONTINUATION_CALL|CALL,2026-04-10,TARGET_HIT,0.091611,0,0,1,0,0,0,1,stale quote observed
20260410T112032|BFO:SENSEX2641677500PE|CONTINUATION_PUT|PUT,2026-04-10,TARGET_HIT,9.78236,0,0,1,1,0,0,1,stale quote observed; missing early updates
20260410T112516|BFO:SENSEX2641677200CE|CONTINUATION_CALL|CALL,2026-04-10,TARGET_HIT,-0.92262,0,0,1,0,0,0,1,stale quote observed
20260410T113036|BFO:SENSEX2641677500PE|CONTINUATION_PUT|PUT,2026-04-10,HARD_STOP_EXIT,31.414963,0,0,1,1,0,0,1,stale quote observed; missing early updates
20260410T121006|BFO:SENSEX2641677200CE|CONTINUATION_CALL|CALL,2026-04-10,EARLY_RISK_EXIT,12.289368,0,0,1,1,0,0,1,stale quote observed; missing early updates
20260410T122013|BFO:SENSEX2641677600PE|CONTINUATION_PUT|PUT,2026-04-10,TARGET_HIT,0.380098,0,0,1,1,0,0,1,stale quote observed; missing early updates
20260410T122508|BFO:SENSEX2641677200CE|CONTINUATION_CALL|CALL,2026-04-10,TARGET_HIT,21.107662,0,0,1,0,0,0,1,stale quote observed
20260410T123030|BFO:SENSEX2641677600PE|CONTINUATION_PUT|PUT,2026-04-10,EARLY_RISK_EXIT,12.115316,0,0,1,1,0,0,1,stale quote observed; missing early updates
20260410T124000|BFO:SENSEX2641677200CE|CONTINUATION_CALL|CALL,2026-04-10,TARGET_HIT,24.133352,0,0,1,0,0,0,1,stale quote observed
20260410T130004|BFO:SENSEX2641677200CE|CONTINUATION_CALL|CALL,2026-04-10,TARGET_HIT,12.232772,0,0,1,0,0,0,1,stale quote observed
20260410T130507|BFO:SENSEX2641677200CE|CONTINUATION_CALL|CALL,2026-04-10,TARGET_HIT,9.871585,0,0,1,1,0,0,1,stale quote observed; missing early updates
20260410T131039|BFO:SENSEX2641677600PE|REVERSAL_PUT|PUT,2026-04-10,EARLY_RISK_EXIT,11.936454,0,0,1,0,0,0,1,stale quote observed
20260410T132008|BFO:SENSEX2641677600PE|REVERSAL_PUT|PUT,2026-04-10,EARLY_RISK_EXIT,11.993706,0,0,1,1,0,0,1,stale quote observed; missing early updates
20260410T132503|BFO:SENSEX2641677600PE|CONTINUATION_PUT|PUT,2026-04-10,PATH_RISK_EXIT,34.89996,0,0,1,1,0,0,1,stale quote observed; missing early updates
20260410T133001|BFO:SENSEX2641677200CE|CONTINUATION_CALL|CALL,2026-04-10,EARLY_RISK_EXIT,12.887337,0,0,1,1,0,0,1,stale quote observed; missing early updates
20260410T133506|BFO:SENSEX2641677200CE|CONTINUATION_CALL|CALL,2026-04-10,HARD_STOP_EXIT,47.130186,0,0,1,1,0,0,1,stale quote observed; missing early updates
20260410T134008|BFO:SENSEX2641677200CE|CONTINUATION_CALL|CALL,2026-04-10,TARGET_HIT,1.009871,0,0,1,0,0,0,1,stale quote observed
20260410T134535|BFO:SENSEX2641677300CE|CONTINUATION_CALL|CALL,2026-04-10,TARGET_HIT,6.3244,0,0,1,1,0,0,1,stale quote observed; missing early updates
20260410T135010|BFO:SENSEX2641677600PE|CONTINUATION_PUT|PUT,2026-04-10,TIME_STOP_AFTER_1PM,61.428205,0,1,1,1,0,0,1,long duration >= 60.0s; stale quote observed; missing early updates
20260410T135533|BFO:SENSEX2641677300CE|CONTINUATION_CALL|CALL,2026-04-10,TARGET_HIT,50.591101,0,0,1,1,0,0,1,stale quote observed; missing early updates
20260410T140007|BFO:SENSEX2641677300CE|CONTINUATION_CALL|CALL,2026-04-10,TARGET_HIT,1.740003,0,0,1,1,0,0,1,stale quote observed; missing early updates
20260410T141008|BFO:SENSEX2641677300CE|CONTINUATION_CALL|CALL,2026-04-10,EARLY_RISK_EXIT,12.911176,0,0,1,1,0,0,1,stale quote observed; missing early updates
20260410T141509|BFO:SENSEX2641677600PE|CONTINUATION_PUT|PUT,2026-04-10,TARGET_HIT,7.528754,0,0,1,1,0,0,1,stale quote observed; missing early updates
20260410T142503|BFO:SENSEX2641677400PE|CONTINUATION_PUT|PUT,2026-04-10,TARGET_HIT,23.217283,0,0,0,0,1,0,1,slippage anomaly
20260410T143506|BFO:SENSEX2641677500PE|CONTINUATION_PUT|PUT,2026-04-10,EARLY_RISK_EXIT,11.446882,0,0,1,1,0,0,1,stale quote observed; missing early updates
20260410T144014|BFO:SENSEX2641677100CE|CONTINUATION_CALL|CALL,2026-04-10,TARGET_HIT,-1.921846,0,0,1,0,0,0,1,stale quote observed
20260410T144537|BFO:SENSEX2641677500PE|REVERSAL_PUT|PUT,2026-04-10,EARLY_RISK_EXIT,11.553222,0,0,1,1,0,0,1,stale quote observed; missing early updates
